case,target,total,arm64-frame-too-large-no-promotion,funclet-no-frame-passes,inline-callee-label-or-switch,inline-callee-landing-pad,inline-site-inside-inlined-body,inline-site-stack-arguments,inline-site-too-large,inline-unit-budget-spent
access-through-base,x86_64-linux,1,0,0,0,0,1,0,0,0
align-loops,x86_64-linux,4,0,0,0,0,0,0,4,0
alignas-alignof,x86_64-linux,0,0,0,0,0,0,0,0,0
alternative-tokens,x86_64-linux,0,0,0,0,0,0,0,0,0
array-destructor-only,x86_64-linux,10,0,0,0,0,8,0,1,1
array-member-dimensions,x86_64-linux,15,0,0,0,0,2,0,11,2
array-of-class-destructor,x86_64-linux,6,0,0,0,1,3,0,0,2
array-of-class,x86_64-linux,1,0,0,0,0,1,0,0,0
array-parameter-name,x86_64-linux,0,0,0,0,0,0,0,0,0
array-reference-multidim,x86_64-linux,2,0,0,0,0,0,0,2,0
array-static-local,x86_64-linux,3,0,0,0,0,1,0,1,1
array-static-storage,x86_64-linux,6,0,0,0,0,3,0,1,2
auto,x86_64-linux,0,0,0,0,0,0,0,0,0
base-implicit-constructor-emitted,x86_64-linux,3,0,0,0,0,0,0,0,3
base-member-not-rebuilt,x86_64-linux,4,0,0,0,0,0,0,0,4
base-tail-padding,x86_64-linux,0,0,0,0,0,0,0,0,0
bitfield-layout,x86_64-linux,0,0,0,0,0,0,0,0,0
bitfield-zero-width,x86_64-linux,0,0,0,0,0,0,0,0,0
bool-result,x86_64-linux,0,0,0,0,0,0,0,0,0
bool,x86_64-linux,0,0,0,0,0,0,0,0,0
by-value-declared-first,x86_64-linux,2,0,0,0,0,0,0,0,2
by-value-destructor,x86_64-linux,2,0,0,0,1,0,0,0,1
by-value-parameter-unwind,x86_64-linux,2,0,0,0,0,2,0,0,0
by-value-tails,x86_64-linux,11,0,0,0,0,1,0,0,10
by-value,x86_64-linux,5,0,0,0,0,1,1,0,3
call-operator,x86_64-linux,2,0,0,0,0,0,0,0,2
callable-members-and-braces,x86_64-linux,2,0,0,0,0,1,0,0,1
cassert-twice,x86_64-linux,0,0,0,0,0,0,0,0,0
catch-by-reference,x86_64-linux,0,0,0,0,0,0,0,0,0
catch-copy-throws,x86_64-linux,1,0,0,0,0,0,0,1,0
cdtor-dispatch,x86_64-linux,4,0,0,0,0,0,0,4,0
char16-char32,x86_64-linux,0,0,0,0,0,0,0,0,0
class-own-name-temporary,x86_64-linux,6,0,0,0,0,3,0,0,3
class-temporary,x86_64-linux,1,0,0,0,0,1,0,0,0
class,x86_64-linux,0,0,0,0,0,0,0,0,0
cleanup,x86_64-linux,2,0,0,0,1,0,0,0,1
condition-declaration-unwind,x86_64-linux,3,0,0,0,1,1,0,0,1
condition-declaration,x86_64-linux,2,0,0,0,0,1,0,0,1
conditional-class,x86_64-linux,12,0,0,0,3,0,0,0,9
conditional-lvalue,x86_64-linux,0,0,0,0,0,0,0,0,0
const-class-copy,x86_64-linux,0,0,0,0,0,0,0,0,0
const-double-folds,x86_64-linux,0,0,0,0,0,0,0,0,0
const-member,x86_64-linux,1,0,0,0,0,0,0,0,1
const-overload,x86_64-linux,5,0,0,0,0,5,0,0,0
const-uninitialised-ok,x86_64-linux,1,0,0,0,0,1,0,0,0
const,x86_64-linux,0,0,0,0,0,0,0,0,0
constexpr-call-floating,x86_64-linux,0,0,0,0,0,0,0,0,0
constexpr-double,x86_64-linux,0,0,0,0,0,0,0,0,0
constexpr-function,x86_64-linux,3,0,0,0,0,3,0,0,0
constexpr,x86_64-linux,0,0,0,0,0,0,0,0,0
constructor,x86_64-linux,3,0,0,0,0,0,0,0,3
decltype,x86_64-linux,0,0,0,0,0,0,0,0,0
default-arg-base-init,x86_64-linux,1,0,0,0,0,1,0,0,0
default-arg-declares,x86_64-linux,0,0,0,0,0,0,0,0,0
default-arg-member-init,x86_64-linux,2,0,0,0,0,2,0,0,0
default-arg-redeclared,x86_64-linux,0,0,0,0,0,0,0,0,0
default-argument,x86_64-linux,1,0,0,0,0,0,0,0,1
delete-null,x86_64-linux,0,0,0,0,0,0,0,0,0
destructor-jump,x86_64-linux,1,0,0,0,0,0,0,0,1
destructor,x86_64-linux,3,0,0,0,1,0,0,0,2
digraphs,x86_64-linux,0,0,0,0,0,0,0,0,0
direct-init-scalar,x86_64-linux,0,0,0,0,0,0,0,0,0
divide-by-constant,x86_64-linux,58,0,0,0,0,0,0,38,20
dtor-throws-unwinding,x86_64-linux,2,0,0,0,1,0,0,0,1
dynamic-cast-void-multiple,x86_64-linux,2,0,0,0,0,1,0,1,0
dynamic-cast-void,x86_64-linux,0,0,0,0,0,0,0,0,0
dynamic-cast,x86_64-linux,0,0,0,0,0,0,0,0,0
dynamic-init-const,x86_64-linux,0,0,0,0,0,0,0,0,0
dynamic-init-reference,x86_64-linux,1,0,0,0,0,0,0,0,1
dynamic-init-scalar,x86_64-linux,0,0,0,0,0,0,0,0,0
dynamic-init,x86_64-linux,6,0,0,0,0,1,0,5,0
empty-base,x86_64-linux,0,0,0,0,0,0,0,0,0
empty-bases-adjacent,x86_64-linux,1,0,0,0,0,0,0,0,1
empty-class-argument,x86_64-linux,0,0,0,0,0,0,0,0,0
empty-class-by-value,x86_64-linux,0,0,0,0,0,0,0,0,0
empty-class-members,x86_64-linux,1,0,0,0,0,1,0,0,0
enum-base,x86_64-linux,0,0,0,0,0,0,0,0,0
explicit-conversion-function,x86_64-linux,1,0,0,0,0,0,0,0,1
explicit-destructor-call,x86_64-linux,13,0,0,0,0,2,0,11,0
explicit,x86_64-linux,0,0,0,0,0,0,0,0,0
float-literal-exact,x86_64-linux,0,0,0,0,0,0,0,0,0
float-literal-tens,x86_64-linux,0,0,0,0,0,0,0,0,0
forward-declared-class-key,x86_64-linux,0,0,0,0,0,0,0,0,0
forward-values-narrow,x86_64-linux,4,0,0,0,0,0,0,4,0
friend-defined-in-class,x86_64-linux,1,0,0,0,0,0,0,0,1
friend-function,x86_64-linux,1,0,0,0,0,0,0,0,1
friend-operator,x86_64-linux,2,0,0,0,0,0,0,0,2
friend-private-parts,x86_64-linux,1,0,0,0,0,0,0,0,1
friend,x86_64-linux,0,0,0,0,0,0,0,0,0
function-as-value-qualified,x86_64-linux,0,0,0,0,0,0,0,0,0
function-template-partial-ordering,x86_64-linux,0,0,0,0,0,0,0,0,0
functional-cast-paren,x86_64-linux,1,0,0,0,0,0,0,1,0
global-constructor,x86_64-linux,0,0,0,0,0,0,0,0,0
global-scope-qualifier,x86_64-linux,1,0,0,0,0,1,0,0,0
goto-legal-jumps,x86_64-linux,4,0,0,4,0,0,0,0,0
goto-out-of-scope,x86_64-linux,1,0,0,0,1,0,0,0,0
handler-exit-end-catch,x86_64-linux,14,0,0,0,8,0,0,6,0
handler-exit-ms,x86_64-linux,10,0,0,0,10,0,0,0,0
hoist-invariants,x86_64-linux,10,0,0,0,0,0,0,10,0
implicit-destructor-chain,x86_64-linux,0,0,0,0,0,0,0,0,0
implicit-destructor,x86_64-linux,5,0,0,0,0,3,0,0,2
implicit-move,x86_64-linux,10,0,0,0,0,4,0,1,5
implicit-special,x86_64-linux,3,0,0,0,0,2,0,1,0
include-c-wrappers,x86_64-linux,0,0,0,0,0,0,0,0,0
include-map-set,x86_64-linux,67,0,0,0,7,30,0,30,0
include-streams,x86_64-linux,91,0,0,0,9,22,0,55,5
include-string,x86_64-linux,41,0,0,0,9,9,0,21,2
include-vector,x86_64-linux,17,0,0,0,0,0,0,11,6
inherit,x86_64-linux,1,0,0,0,0,0,0,0,1
init-list-as-argument,x86_64-linux,2,0,0,0,0,0,0,2,0
init-list,x86_64-linux,0,0,0,0,0,0,0,0,0
initializer-list-construction,x86_64-linux,4,0,0,0,0,0,0,4,0
inline-body,x86_64-linux,3,0,0,0,0,0,0,0,3
inline-function,x86_64-linux,0,0,0,0,0,0,0,0,0
inline-overlaid-frames,x86_64-linux,37,0,0,0,9,12,0,16,0
integer-literal-types,x86_64-linux,0,0,0,0,0,0,0,0,0
itanium-primary-base,x86_64-linux,1,0,0,0,0,0,0,1,0
jump-out-destroys,x86_64-linux,18,0,0,0,8,2,0,0,8
jump-out-of-switch,x86_64-linux,7,0,0,0,3,0,0,0,4
label-then-declaration,x86_64-linux,0,0,0,0,0,0,0,0,0
lambda-after-destructible,x86_64-linux,0,0,0,0,0,0,0,0,0
lambda-capture-by-reference,x86_64-linux,0,0,0,0,0,0,0,0,0
lambda-capture-by-value,x86_64-linux,10,0,0,0,0,2,0,8,0
lambda-capture-default-this,x86_64-linux,9,0,0,0,0,4,0,0,5
lambda-capture-this-const,x86_64-linux,5,0,0,0,0,2,0,0,3
lambda-capture-this,x86_64-linux,8,0,0,0,0,3,0,0,5
lambda-capture,x86_64-linux,0,0,0,0,0,0,0,0,0
lambda-class-scope-names,x86_64-linux,5,0,0,0,0,2,0,0,3
lambda-default-capture,x86_64-linux,0,0,0,0,0,0,0,0,0
lambda-keeps-try-state,x86_64-linux,0,0,0,0,0,0,0,0,0
lambda-mutable,x86_64-linux,1,0,0,0,0,0,0,0,1
lambda-nested-capture,x86_64-linux,6,0,0,0,0,4,0,0,2
lambda-return-through-try,x86_64-linux,2,0,0,0,1,1,0,0,0
lambda-returning-lambda,x86_64-linux,6,0,0,0,0,1,0,0,5
lambda-static-local,x86_64-linux,3,0,0,0,0,0,0,1,2
lambda,x86_64-linux,2,0,0,0,0,1,0,1,0
lifetime-ledger,x86_64-linux,17,0,0,0,0,2,0,14,1
linkage,x86_64-linux,0,0,0,0,0,0,0,0,0
local-beside-try,x86_64-linux,7,0,0,0,3,0,0,0,4
local-class-in-member,x86_64-linux,1,0,0,0,0,0,0,0,1
local-class-main,x86_64-linux,1,0,0,0,0,0,0,0,1
local-class-template-arg,x86_64-linux,0,0,0,0,0,0,0,0,0
local-class-two-functions,x86_64-linux,8,0,0,0,4,4,0,0,0
local-class,x86_64-linux,3,0,0,0,0,0,0,0,3
local-in-handler,x86_64-linux,14,0,0,0,6,0,0,8,0
local-try-states,x86_64-linux,34,0,0,0,9,0,0,5,20
long-double-exact,x86_64-linux,0,0,0,0,0,0,0,0,0
longlong-shift-runtime-count,x86_64-linux,0,0,0,0,0,0,0,0,0
longlong-switch-bitfield,x86_64-linux,1,0,0,1,0,0,0,0,0
lookup-order,x86_64-linux,2,0,0,0,0,1,0,0,1
mem-init-qualified-base,x86_64-linux,0,0,0,0,0,0,0,0,0
mem-init-template-id-base,x86_64-linux,1,0,0,0,0,0,0,1,0
mem-init-two-rules,x86_64-linux,0,0,0,0,0,0,0,0,0
mem-init-value-init,x86_64-linux,0,0,0,0,0,0,0,0,0
member-default-init,x86_64-linux,23,0,0,0,0,5,0,0,18
member-function-pointer,x86_64-linux,1,0,0,0,0,0,0,1,0
member-hiding,x86_64-linux,0,0,0,0,0,0,0,0,0
member-init-class,x86_64-linux,6,0,0,0,0,2,0,1,3
member-initialiser,x86_64-linux,2,0,0,0,0,1,0,0,1
member-operator,x86_64-linux,0,0,0,0,0,0,0,0,0
member-pointer-base-on-derived,x86_64-linux,1,0,0,0,0,0,0,1,0
member-pointer-global,x86_64-linux,0,0,0,0,0,0,0,0,0
member-pointer-models,x86_64-linux,3,0,0,0,0,1,0,1,1
member-pointer-nested-class,x86_64-linux,1,0,0,0,0,0,0,1,0
member-pointer-virtual,x86_64-linux,2,0,0,0,0,0,0,2,0
member-pointer-width,x86_64-linux,0,0,0,0,0,0,0,0,0
member-pointer,x86_64-linux,0,0,0,0,0,0,0,0,0
member-returns-reference,x86_64-linux,0,0,0,0,0,0,0,0,0
member-struct-return,x86_64-linux,0,0,0,0,0,0,0,0,0
member-typedef,x86_64-linux,0,0,0,0,0,0,0,0,0
member,x86_64-linux,2,0,0,0,0,1,0,0,1
mi-override-implied,x86_64-linux,2,0,0,0,0,0,0,1,1
mixed,x86_64-linux,0,0,0,0,0,0,0,0,0
move-constructor,x86_64-linux,1,0,0,0,0,0,0,0,1
move-only,x86_64-linux,1,0,0,0,0,0,0,0,1
multiple-declarators,x86_64-linux,25,0,0,0,6,5,0,14,0
multiple,x86_64-linux,1,0,0,0,0,0,0,0,1
mutable-member,x86_64-linux,2,0,0,0,0,1,0,0,1
named-casts,x86_64-linux,0,0,0,0,0,0,0,0,0
named-constant,x86_64-linux,1,0,0,1,0,0,0,0,0
namespace-member-defined-outside,x86_64-linux,0,0,0,0,0,0,0,0,0
namespace-unnamed,x86_64-linux,4,0,0,0,0,2,0,0,2
namespace,x86_64-linux,9,0,0,0,0,3,0,0,6
narrowing-allowed,x86_64-linux,0,0,0,0,0,0,0,0,0
nested-class,x86_64-linux,1,0,0,0,0,1,0,0,0
nested-enum,x86_64-linux,0,0,0,0,0,0,0,0,0
nested-parse-state,x86_64-linux,9,0,0,1,2,1,0,5,0
new-array-value-init,x86_64-linux,0,0,0,0,0,0,0,0,0
new-class-array-placement,x86_64-linux,7,0,0,0,3,3,0,0,1
new-header,x86_64-linux,1,0,0,0,0,1,0,0,0
new-nothrow,x86_64-linux,1,0,0,0,0,1,0,0,0
new-value-init,x86_64-linux,0,0,0,0,0,0,0,0,0
new,x86_64-linux,0,0,0,0,0,0,0,0,0
noexcept-terminates-callee,x86_64-linux,6,0,0,0,5,0,0,0,1
noexcept-terminates,x86_64-linux,2,0,0,0,2,0,0,0,0
noexcept,x86_64-linux,0,0,0,0,0,0,0,0,0
nonmember-operator,x86_64-linux,0,0,0,0,0,0,0,0,0
nullptr,x86_64-linux,0,0,0,0,0,0,0,0,0
operator-arrow,x86_64-linux,1,0,0,0,0,0,0,0,1
operator-assign,x86_64-linux,2,0,0,0,0,0,0,0,2
operator-by-name,x86_64-linux,1,0,0,0,0,0,0,0,1
operator-compound-nonmember,x86_64-linux,3,0,0,0,0,1,0,0,2
operator-compound,x86_64-linux,2,0,0,0,0,0,0,0,2
operator-conversion,x86_64-linux,1,0,0,0,0,0,0,0,1
operator-delete-virtual,x86_64-linux,0,0,0,0,0,0,0,0,0
operator-new,x86_64-linux,0,0,0,0,0,0,0,0,0
operator-subscript,x86_64-linux,3,0,0,0,0,1,0,0,2
overload,x86_64-linux,2,0,0,0,0,0,0,0,2
override-implied,x86_64-linux,1,0,0,0,0,0,0,0,1
override-return-covariant,x86_64-linux,0,0,0,0,0,0,0,0,0
own-vptr-plain-base,x86_64-linux,0,0,0,0,0,0,0,0,0
partial-skips-primary-out-of-line,x86_64-linux,0,0,0,0,0,0,0,0,0
placement-array-new,x86_64-linux,6,0,0,0,0,1,0,5,0
polymorphic-class-template,x86_64-linux,20,0,0,0,0,0,0,0,20
pragma-pack,x86_64-linux,1,0,0,0,0,0,0,0,1
preprocessor-has-checks,x86_64-linux,0,0,0,0,0,0,0,0,0
preprocessor-wide,x86_64-linux,0,0,0,0,0,0,0,0,0
private-nested-return-type,x86_64-linux,1,0,0,0,0,0,0,0,1
pure-virtual,x86_64-linux,3,0,0,0,0,0,0,1,2
qualification-into-array,x86_64-linux,1,0,0,0,0,0,0,1,0
qualified-base-call,x86_64-linux,5,0,0,0,0,2,0,0,3
qualified-member-access,x86_64-linux,0,0,0,0,0,0,0,0,0
range-for-class,x86_64-linux,0,0,0,0,0,0,0,0,0
range-for-vector,x86_64-linux,41,0,0,0,6,13,0,22,0
range-for,x86_64-linux,0,0,0,0,0,0,0,0,0
reference-member,x86_64-linux,0,0,0,0,0,0,0,0,0
reference-temporary-lifetime,x86_64-linux,2,0,0,0,0,0,0,0,2
reference-to-array,x86_64-linux,1,0,0,0,0,0,0,1,0
reference,x86_64-linux,0,0,0,0,0,0,0,0,0
refusals-that-must-not-fire,x86_64-linux,0,0,0,0,0,0,0,0,0
rethrow,x86_64-linux,2,0,0,0,2,0,0,0,0
return-by-value-balance,x86_64-linux,7,0,0,0,0,0,0,0,7
return-conversion-leaks-temporary,x86_64-linux,4,0,0,0,1,0,0,3,0
return-converting-constructor,x86_64-linux,4,0,0,0,0,0,0,1,3
return-copy-balance,x86_64-linux,4,0,0,0,0,0,0,0,4
return-owned-temporary,x86_64-linux,6,0,0,0,0,1,0,5,0
return-parameter-moves,x86_64-linux,4,0,0,0,0,2,0,0,2
runtime-shapes,x86_64-linux,27,0,0,0,6,6,0,15,0
rvalue-ref,x86_64-linux,0,0,0,0,0,0,0,0,0
second-base-virtual-call,x86_64-linux,2,0,0,0,0,0,0,2,0
small-class-args,x86_64-linux,1,0,0,0,0,0,0,0,1
small-class-return,x86_64-linux,3,0,0,0,1,0,0,0,2
stack-args-nested,x86_64-linux,3,0,0,0,0,0,0,0,3
stack-probe,x86_64-linux,2,0,0,0,0,0,0,2,0
static-assert,x86_64-linux,0,0,0,0,0,0,0,0,0
static-base-pointer,x86_64-linux,1,0,0,0,0,0,0,1,0
static-cast,x86_64-linux,0,0,0,0,0,0,0,0,0
static-local-constructor,x86_64-linux,8,0,0,0,0,0,0,8,0
static-member-const-folds,x86_64-linux,0,0,0,0,0,0,0,0,0
static-member-function,x86_64-linux,4,0,0,0,0,3,0,0,1
static-member-returns-class,x86_64-linux,0,0,0,0,0,0,0,0,0
static-member-through-template-id,x86_64-linux,0,0,0,0,0,0,0,0,0
static-member,x86_64-linux,0,0,0,0,0,0,0,0,0
std-move-and-forward,x86_64-linux,5,0,0,0,0,0,0,5,0
std-namespace-mangling,x86_64-linux,0,0,0,0,0,0,0,0,0
std-swap-two-ints,x86_64-linux,0,0,0,0,0,0,0,0,0
stdexcept,x86_64-linux,26,0,0,0,8,7,0,11,0
stream-base-manipulators,x86_64-linux,75,0,0,0,8,22,0,45,0
stream-char-types,x86_64-linux,69,0,0,0,8,18,0,43,0
stream-long-long,x86_64-linux,78,0,0,0,8,23,0,47,0
stream-number-stops,x86_64-linux,91,0,0,0,9,11,0,47,24
string-at,x86_64-linux,23,0,0,0,8,5,0,10,0
stringize-whitespace,x86_64-linux,0,0,0,0,0,0,0,0,0
tagnames,x86_64-linux,0,0,0,0,0,0,0,0,0
template-angle-split,x86_64-linux,0,0,0,0,0,0,0,0,0
template-angle,x86_64-linux,0,0,0,0,0,0,0,0,0
template-class,x86_64-linux,2,0,0,0,0,2,0,0,0
template-const-argument,x86_64-linux,0,0,0,0,0,0,0,0,0
template-container,x86_64-linux,10,0,0,0,0,1,0,6,3
template-deduction,x86_64-linux,0,0,0,0,0,0,0,0,0
template-default-argument,x86_64-linux,0,0,0,0,0,0,0,0,0
template-dependent-base,x86_64-linux,0,0,0,0,0,0,0,0,0
template-enumerator,x86_64-linux,0,0,0,0,0,0,0,0,0
template-explicit,x86_64-linux,0,0,0,0,0,0,0,0,0
template-function,x86_64-linux,1,0,0,0,0,1,0,0,0
template-id-qualified-and-deduced,x86_64-linux,2,0,0,0,0,0,0,2,0
template-id-qualifier,x86_64-linux,2,0,0,0,0,1,0,1,0
template-in-namespace,x86_64-linux,0,0,0,0,0,0,0,0,0
template-initializer-list-ctor,x86_64-linux,2,0,0,0,0,0,0,2,0
template-member-not-instantiated,x86_64-linux,3,0,0,0,0,0,0,0,3
template-member,x86_64-linux,2,0,0,0,0,0,0,1,1
template-name-shadowed,x86_64-linux,2,0,0,0,0,0,0,2,0
template-nested-angle,x86_64-linux,1,0,0,0,0,1,0,0,0
template-nested,x86_64-linux,14,0,0,0,0,6,0,0,8
template-nontype-expr,x86_64-linux,1,0,0,0,0,0,0,1,0
template-nontype-numeric,x86_64-linux,76,0,0,0,8,19,0,49,0
template-nontype-overload,x86_64-linux,4,0,0,0,0,0,1,3,0
template-nontype,x86_64-linux,0,0,0,0,0,0,0,0,0
template-out-of-line,x86_64-linux,3,0,0,0,0,1,0,0,2
template-overload,x86_64-linux,0,0,0,0,0,0,0,0,0
template-partial,x86_64-linux,0,0,0,0,0,0,0,0,0
template-sfinae,x86_64-linux,0,0,0,0,0,0,0,0,0
template-static-data-member-ctor,x86_64-linux,0,0,0,0,0,0,0,0,0
template-static-data-member,x86_64-linux,0,0,0,0,0,0,0,0,0
template-static-member-no-init,x86_64-linux,0,0,0,0,0,0,0,0,0
template-two-of-a-name,x86_64-linux,0,0,0,0,0,0,0,0,0
template-variadic-into-args,x86_64-linux,0,0,0,0,0,0,0,0,0
template-variadic-peel,x86_64-linux,0,0,0,0,0,0,0,0,0
template-variadic,x86_64-linux,5,0,0,0,0,5,0,0,0
temporary-in-short-circuit,x86_64-linux,2,0,0,0,0,1,0,0,1
temporary-of-template,x86_64-linux,24,0,0,0,6,5,0,13,0
temporary-unwind,x86_64-linux,8,0,0,0,1,0,0,4,3
throw-class-pointer-ms,x86_64-linux,14,0,0,0,14,0,0,0,0
throw-class,x86_64-linux,4,0,0,0,4,0,0,0,0
throw-multiple-bases,x86_64-linux,0,0,0,0,0,0,0,0,0
throw-out-of-handler,x86_64-linux,16,0,0,0,8,0,0,8,0
throw-pointer,x86_64-linux,4,0,0,0,2,0,0,2,0
throw-temporary,x86_64-linux,2,0,0,0,1,0,0,0,1
thunk,x86_64-linux,2,0,0,0,0,0,0,1,1
try-body-local,x86_64-linux,8,0,0,0,0,0,0,5,3
try-catch-value,x86_64-linux,1,0,0,0,0,0,0,1,0
try-catch,x86_64-linux,3,0,0,0,1,0,0,2,0
try-in-handler,x86_64-linux,1,0,0,0,0,0,0,1,0
try-in-try-body,x86_64-linux,1,0,0,0,0,0,0,1,0
tuple,x86_64-linux,0,0,0,0,0,0,0,0,0
two-try-same-type,x86_64-linux,1,0,0,0,0,0,0,0,1
typeid-ms,x86_64-linux,4,0,0,0,1,1,0,1,1
typeid,x86_64-linux,4,0,0,0,1,1,0,1,1
typename-dependent-member,x86_64-linux,0,0,0,0,0,0,0,0,0
unary-operator,x86_64-linux,2,0,0,0,0,0,0,0,2
unsigned-from-double,x86_64-linux,0,0,0,0,0,0,0,0,0
user-conversion,x86_64-linux,2,0,0,0,0,0,0,0,2
using-declaration,x86_64-linux,3,0,0,0,0,2,0,0,1
value-init-empty-braces,x86_64-linux,0,0,0,0,0,0,0,0,0
value-init-fundamental,x86_64-linux,0,0,0,0,0,0,0,0,0
value-init-implicit-ctor,x86_64-linux,0,0,0,0,0,0,0,0,0
value-init-temporary,x86_64-linux,1,0,0,0,0,0,0,1,0
vector-range-insert,x86_64-linux,33,0,0,0,6,5,0,22,0
vector-value-init,x86_64-linux,33,0,0,0,7,5,0,21,0
virtual-base-construction-vtable,x86_64-linux,38,0,0,0,0,19,0,19,0
virtual-base-diamond,x86_64-linux,3,0,0,0,0,0,0,2,1
virtual-base-dispatch,x86_64-linux,10,0,0,0,0,5,0,3,2
virtual-base-initialiser,x86_64-linux,10,0,0,0,0,6,0,1,3
virtual-base-member,x86_64-linux,1,0,0,0,0,1,0,0,0
virtual-base-of-virtual-base,x86_64-linux,3,0,0,0,0,0,0,3,0
virtual-base-second-base,x86_64-linux,1,0,0,0,0,0,0,1,0
virtual-base-vbtable,x86_64-linux,4,0,0,0,0,4,0,0,0
virtual-dtor-through-virtual-base,x86_64-linux,8,0,0,0,0,2,0,6,0
virtual-dtor,x86_64-linux,0,0,0,0,0,0,0,0,0
virtual-inline,x86_64-linux,2,0,0,0,0,0,0,0,2
virtual,x86_64-linux,1,0,0,0,0,0,0,0,1
volatile-object,x86_64-linux,0,0,0,0,0,0,0,0,0
vtable-implicit-dtor,x86_64-linux,0,0,0,0,0,0,0,0,0
vtable,x86_64-linux,1,0,0,0,0,0,0,0,1
wchar-distinct,x86_64-linux,0,0,0,0,0,0,0,0,0
wchar-targets,x86_64-linux,0,0,0,0,0,0,0,0,0
wstring,x86_64-linux,47,0,0,0,10,11,0,26,0
access-through-base,x86_64-windows,4,0,0,0,0,3,0,0,1
align-loops,x86_64-windows,4,0,0,0,0,0,0,4,0
alignas-alignof,x86_64-windows,0,0,0,0,0,0,0,0,0
alternative-tokens,x86_64-windows,1,0,1,0,0,0,0,0,0
array-destructor-only,x86_64-windows,14,0,1,0,0,10,0,1,2
array-member-dimensions,x86_64-windows,15,0,1,0,0,2,0,11,1
array-of-class-destructor,x86_64-windows,8,0,2,0,1,3,0,0,2
array-of-class,x86_64-windows,1,0,0,0,0,1,0,0,0
array-parameter-name,x86_64-windows,0,0,0,0,0,0,0,0,0
array-reference-multidim,x86_64-windows,2,0,0,0,0,0,0,2,0
array-static-local,x86_64-windows,3,0,0,0,0,1,0,1,1
array-static-storage,x86_64-windows,7,0,0,0,0,3,0,1,3
auto,x86_64-windows,0,0,0,0,0,0,0,0,0
base-implicit-constructor-emitted,x86_64-windows,10,0,1,0,0,4,0,0,5
base-member-not-rebuilt,x86_64-windows,9,0,1,0,0,3,0,0,5
base-tail-padding,x86_64-windows,0,0,0,0,0,0,0,0,0
bitfield-layout,x86_64-windows,0,0,0,0,0,0,0,0,0
bitfield-zero-width,x86_64-windows,0,0,0,0,0,0,0,0,0
bool-result,x86_64-windows,0,0,0,0,0,0,0,0,0
bool,x86_64-windows,0,0,0,0,0,0,0,0,0
by-value-declared-first,x86_64-windows,5,0,2,0,1,0,0,0,2
by-value-destructor,x86_64-windows,11,0,5,0,4,0,0,0,2
by-value-parameter-unwind,x86_64-windows,5,0,2,0,2,1,0,0,0
by-value-tails,x86_64-windows,11,0,0,0,0,1,0,0,10
by-value,x86_64-windows,7,0,2,0,1,1,0,0,3
call-operator,x86_64-windows,2,0,0,0,0,0,0,0,2
callable-members-and-braces,x86_64-windows,2,0,0,0,0,1,0,0,1
cassert-twice,x86_64-windows,0,0,0,0,0,0,0,0,0
catch-by-reference,x86_64-windows,1,0,1,0,0,0,0,0,0
cdtor-dispatch,x86_64-windows,7,0,1,0,0,1,0,0,5
char16-char32,x86_64-windows,0,0,0,0,0,0,0,0,0
class-own-name-temporary,x86_64-windows,8,0,0,0,0,4,0,0,4
class-temporary,x86_64-windows,1,0,0,0,0,1,0,0,0
class,x86_64-windows,0,0,0,0,0,0,0,0,0
cleanup,x86_64-windows,5,0,2,0,1,0,0,0,2
condition-declaration-unwind,x86_64-windows,5,0,2,0,1,0,0,0,2
condition-declaration,x86_64-windows,3,0,1,0,0,1,0,0,1
conditional-class,x86_64-windows,19,0,5,0,4,0,0,0,10
conditional-lvalue,x86_64-windows,0,0,0,0,0,0,0,0,0
const-class-copy,x86_64-windows,0,0,0,0,0,0,0,0,0
const-double-folds,x86_64-windows,0,0,0,0,0,0,0,0,0
const-member,x86_64-windows,1,0,0,0,0,0,0,0,1
const-overload,x86_64-windows,5,0,0,0,0,5,0,0,0
const-uninitialised-ok,x86_64-windows,1,0,0,0,0,1,0,0,0
const,x86_64-windows,0,0,0,0,0,0,0,0,0
constexpr-call-floating,x86_64-windows,0,0,0,0,0,0,0,0,0
constexpr-double,x86_64-windows,0,0,0,0,0,0,0,0,0
constexpr-function,x86_64-windows,3,0,0,0,0,3,0,0,0
constexpr,x86_64-windows,0,0,0,0,0,0,0,0,0
constructor,x86_64-windows,3,0,0,0,0,0,0,0,3
decltype,x86_64-windows,0,0,0,0,0,0,0,0,0
default-arg-base-init,x86_64-windows,3,0,0,0,0,0,0,0,3
default-arg-declares,x86_64-windows,0,0,0,0,0,0,0,0,0
default-arg-member-init,x86_64-windows,4,0,1,0,0,3,0,0,0
default-arg-redeclared,x86_64-windows,0,0,0,0,0,0,0,0,0
default-argument,x86_64-windows,1,0,0,0,0,0,0,0,1
delete-null,x86_64-windows,1,0,1,0,0,0,0,0,0
destructor-jump,x86_64-windows,2,0,1,0,0,0,0,0,1
destructor,x86_64-windows,5,0,2,0,1,0,0,0,2
digraphs,x86_64-windows,0,0,0,0,0,0,0,0,0
direct-init-scalar,x86_64-windows,0,0,0,0,0,0,0,0,0
divide-by-constant,x86_64-windows,58,0,0,0,0,0,0,38,20
dynamic-cast-void,x86_64-windows,9,0,1,0,0,8,0,0,0
dynamic-cast,x86_64-windows,13,0,1,0,0,12,0,0,0
dynamic-init-const,x86_64-windows,0,0,0,0,0,0,0,0,0
dynamic-init-reference,x86_64-windows,1,0,0,0,0,0,0,0,1
dynamic-init-scalar,x86_64-windows,0,0,0,0,0,0,0,0,0
dynamic-init,x86_64-windows,7,0,0,0,0,1,0,5,1
empty-base,x86_64-windows,0,0,0,0,0,0,0,0,0
empty-bases-adjacent,x86_64-windows,1,0,0,0,0,0,0,0,1
empty-class-argument,x86_64-windows,0,0,0,0,0,0,0,0,0
empty-class-by-value,x86_64-windows,0,0,0,0,0,0,0,0,0
empty-class-members,x86_64-windows,5,0,1,0,0,4,0,0,0
enum-base,x86_64-windows,0,0,0,0,0,0,0,0,0
explicit-conversion-function,x86_64-windows,1,0,0,0,0,0,0,0,1
explicit-destructor-call,x86_64-windows,22,0,1,0,0,10,0,11,0
explicit,x86_64-windows,0,0,0,0,0,0,0,0,0
float-literal-exact,x86_64-windows,0,0,0,0,0,0,0,0,0
float-literal-tens,x86_64-windows,0,0,0,0,0,0,0,0,0
forward-declared-class-key,x86_64-windows,0,0,0,0,0,0,0,0,0
forward-values-narrow,x86_64-windows,4,0,0,0,0,0,0,4,0
friend-defined-in-class,x86_64-windows,1,0,0,0,0,0,0,0,1
friend-function,x86_64-windows,1,0,0,0,0,0,0,0,1
friend-operator,x86_64-windows,2,0,0,0,0,0,0,0,2
friend-private-parts,x86_64-windows,1,0,0,0,0,0,0,0,1
friend,x86_64-windows,0,0,0,0,0,0,0,0,0
function-as-value-qualified,x86_64-windows,0,0,0,0,0,0,0,0,0
function-template-partial-ordering,x86_64-windows,0,0,0,0,0,0,0,0,0
functional-cast-paren,x86_64-windows,1,0,0,0,0,0,0,1,0
global-constructor,x86_64-windows,0,0,0,0,0,0,0,0,0
global-scope-qualifier,x86_64-windows,1,0,0,0,0,1,0,0,0
goto-legal-jumps,x86_64-windows,4,0,0,4,0,0,0,0,0
goto-out-of-scope,x86_64-windows,2,0,1,0,1,0,0,0,0
handler-exit-ms,x86_64-windows,19,0,9,0,9,0,0,1,0
hoist-invariants,x86_64-windows,10,0,0,0,0,0,0,10,0
implicit-destructor-chain,x86_64-windows,9,0,1,0,0,8,0,0,0
implicit-destructor,x86_64-windows,9,0,1,0,0,5,0,0,3
implicit-move,x86_64-windows,14,0,1,0,0,7,0,1,5
implicit-special,x86_64-windows,5,0,0,0,0,4,0,1,0
include-c-wrappers,x86_64-windows,0,0,0,0,0,0,0,0,0
include-map-set,x86_64-windows,125,0,4,0,7,82,0,31,1
include-streams,x86_64-windows,147,0,8,0,9,55,0,60,15
include-string,x86_64-windows,90,0,6,0,9,37,0,22,16
include-vector,x86_64-windows,16,0,1,0,0,0,0,11,4
inherit,x86_64-windows,5,0,1,0,0,1,0,0,3
init-list-as-argument,x86_64-windows,2,0,0,0,0,0,0,2,0
init-list,x86_64-windows,1,0,0,0,0,0,0,0,1
initializer-list-construction,x86_64-windows,4,0,0,0,0,0,0,4,0
inline-body,x86_64-windows,4,0,1,0,0,0,0,0,3
inline-function,x86_64-windows,0,0,0,0,0,0,0,0,0
inline-overlaid-frames,x86_64-windows,99,0,6,0,9,64,0,17,3
integer-literal-types,x86_64-windows,0,0,0,0,0,0,0,0,0
itanium-primary-base,x86_64-windows,2,0,0,0,0,1,0,1,0
jump-out-destroys,x86_64-windows,26,0,8,0,8,2,0,0,8
jump-out-of-switch,x86_64-windows,12,0,4,0,3,0,0,0,5
label-then-declaration,x86_64-windows,0,0,0,0,0,0,0,0,0
lambda-after-destructible,x86_64-windows,2,0,1,0,0,0,0,0,1
lambda-capture-by-reference,x86_64-windows,0,0,0,0,0,0,0,0,0
lambda-capture-by-value,x86_64-windows,11,0,1,0,0,2,0,8,0
lambda-capture-default-this,x86_64-windows,10,0,0,0,0,5,0,0,5
lambda-capture-this-const,x86_64-windows,5,0,0,0,0,2,0,0,3
lambda-capture-this,x86_64-windows,8,0,0,0,0,3,0,0,5
lambda-capture,x86_64-windows,0,0,0,0,0,0,0,0,0
lambda-class-scope-names,x86_64-windows,5,0,0,0,0,2,0,0,3
lambda-default-capture,x86_64-windows,0,0,0,0,0,0,0,0,0
lambda-keeps-try-state,x86_64-windows,1,0,1,0,0,0,0,0,0
lambda-mutable,x86_64-windows,1,0,0,0,0,0,0,0,1
lambda-nested-capture,x86_64-windows,6,0,0,0,0,4,0,0,2
lambda-return-through-try,x86_64-windows,4,0,1,0,1,1,0,0,1
lambda-returning-lambda,x86_64-windows,6,0,0,0,0,1,0,0,5
lambda-static-local,x86_64-windows,4,0,1,0,0,0,0,1,2
lambda,x86_64-windows,2,0,0,0,0,1,0,1,0
lifetime-ledger,x86_64-windows,22,0,2,0,1,2,0,14,3
linkage,x86_64-windows,0,0,0,0,0,0,0,0,0
local-beside-try,x86_64-windows,12,0,4,0,3,0,0,0,5
local-class-in-member,x86_64-windows,1,0,0,0,0,0,0,0,1
local-class-main,x86_64-windows,1,0,0,0,0,0,0,0,1
local-class-template-arg,x86_64-windows,0,0,0,0,0,0,0,0,0
local-class-two-functions,x86_64-windows,12,0,4,0,4,4,0,0,0
local-class,x86_64-windows,3,0,0,0,0,0,0,0,3
local-try-states,x86_64-windows,37,0,10,0,9,0,0,5,13
long-double-exact,x86_64-windows,0,0,0,0,0,0,0,0,0
longlong-shift-runtime-count,x86_64-windows,0,0,0,0,0,0,0,0,0
longlong-switch-bitfield,x86_64-windows,1,0,0,1,0,0,0,0,0
lookup-order,x86_64-windows,2,0,0,0,0,1,0,0,1
mem-init-qualified-base,x86_64-windows,2,0,0,0,0,1,0,0,1
mem-init-template-id-base,x86_64-windows,2,0,0,0,0,1,0,1,0
mem-init-two-rules,x86_64-windows,0,0,0,0,0,0,0,0,0
mem-init-value-init,x86_64-windows,0,0,0,0,0,0,0,0,0
member-default-init,x86_64-windows,26,0,1,0,0,5,0,0,20
member-function-pointer,x86_64-windows,0,0,0,0,0,0,0,0,0
member-hiding,x86_64-windows,0,0,0,0,0,0,0,0,0
member-init-class,x86_64-windows,8,0,1,0,0,2,0,1,4
member-initialiser,x86_64-windows,2,0,0,0,0,1,0,0,1
member-operator,x86_64-windows,0,0,0,0,0,0,0,0,0
member-pointer-global,x86_64-windows,0,0,0,0,0,0,0,0,0
member-pointer-models,x86_64-windows,1,0,0,0,0,0,0,0,1
member-pointer-nested-class,x86_64-windows,0,0,0,0,0,0,0,0,0
member-pointer-virtual,x86_64-windows,4,0,1,0,0,3,0,0,0
member-pointer-width,x86_64-windows,0,0,0,0,0,0,0,0,0
member-pointer,x86_64-windows,0,0,0,0,0,0,0,0,0
member-returns-reference,x86_64-windows,0,0,0,0,0,0,0,0,0
member-struct-return,x86_64-windows,0,0,0,0,0,0,0,0,0
member-typedef,x86_64-windows,0,0,0,0,0,0,0,0,0
member,x86_64-windows,2,0,0,0,0,1,0,0,1
mixed,x86_64-windows,0,0,0,0,0,0,0,0,0
move-constructor,x86_64-windows,1,0,0,0,0,0,0,0,1
move-only,x86_64-windows,2,0,1,0,0,0,0,0,1
multiple-declarators,x86_64-windows,72,0,3,0,6,41,0,15,7
multiple,x86_64-windows,5,0,1,0,0,2,0,0,2
mutable-member,x86_64-windows,2,0,0,0,0,1,0,0,1
named-casts,x86_64-windows,0,0,0,0,0,0,0,0,0
named-constant,x86_64-windows,1,0,0,1,0,0,0,0,0
namespace-member-defined-outside,x86_64-windows,0,0,0,0,0,0,0,0,0
namespace-unnamed,x86_64-windows,4,0,0,0,0,2,0,0,2
namespace,x86_64-windows,9,0,0,0,0,3,0,0,6
narrowing-allowed,x86_64-windows,0,0,0,0,0,0,0,0,0
nested-class,x86_64-windows,1,0,0,0,0,1,0,0,0
nested-enum,x86_64-windows,0,0,0,0,0,0,0,0,0
nested-parse-state,x86_64-windows,12,0,3,1,2,1,0,5,0
new-array-value-init,x86_64-windows,0,0,0,0,0,0,0,0,0
new-class-array-placement,x86_64-windows,10,0,4,0,3,2,0,0,1
new-header,x86_64-windows,13,0,1,0,0,9,0,2,1
new-nothrow,x86_64-windows,6,0,1,0,0,5,0,0,0
new-value-init,x86_64-windows,0,0,0,0,0,0,0,0,0
new,x86_64-windows,0,0,0,0,0,0,0,0,0
noexcept-terminates,x86_64-windows,3,0,2,0,1,0,0,0,0
noexcept,x86_64-windows,1,0,1,0,0,0,0,0,0
nonmember-operator,x86_64-windows,0,0,0,0,0,0,0,0,0
nullptr,x86_64-windows,0,0,0,0,0,0,0,0,0
operator-arrow,x86_64-windows,1,0,0,0,0,0,0,0,1
operator-assign,x86_64-windows,2,0,0,0,0,0,0,0,2
operator-by-name,x86_64-windows,1,0,0,0,0,0,0,0,1
operator-compound-nonmember,x86_64-windows,3,0,0,0,0,1,0,0,2
operator-compound,x86_64-windows,2,0,0,0,0,0,0,0,2
operator-conversion,x86_64-windows,1,0,0,0,0,0,0,0,1
operator-delete-virtual,x86_64-windows,3,0,1,0,0,1,0,0,1
operator-new,x86_64-windows,3,0,1,0,0,2,0,0,0
operator-subscript,x86_64-windows,3,0,0,0,0,1,0,0,2
overload,x86_64-windows,2,0,0,0,0,0,0,0,2
override-implied,x86_64-windows,5,0,1,0,0,3,0,0,1
override-return-covariant,x86_64-windows,4,0,1,0,0,3,0,0,0
own-vptr-plain-base,x86_64-windows,0,0,0,0,0,0,0,0,0
partial-skips-primary-out-of-line,x86_64-windows,0,0,0,0,0,0,0,0,0
placement-array-new,x86_64-windows,11,0,1,0,0,5,0,5,0
polymorphic-class-template,x86_64-windows,10,0,1,0,0,0,0,0,9
pragma-pack,x86_64-windows,1,0,0,0,0,0,0,0,1
preprocessor-has-checks,x86_64-windows,0,0,0,0,0,0,0,0,0
preprocessor-wide,x86_64-windows,0,0,0,0,0,0,0,0,0
private-nested-return-type,x86_64-windows,1,0,0,0,0,0,0,0,1
pure-virtual,x86_64-windows,8,0,1,0,0,4,0,1,2
qualification-into-array,x86_64-windows,1,0,0,0,0,0,0,1,0
qualified-base-call,x86_64-windows,6,0,1,0,0,3,0,0,2
qualified-member-access,x86_64-windows,1,0,0,0,0,1,0,0,0
range-for-class,x86_64-windows,0,0,0,0,0,0,0,0,0
range-for-vector,x86_64-windows,100,0,3,0,6,68,0,23,0
range-for,x86_64-windows,0,0,0,0,0,0,0,0,0
reference-member,x86_64-windows,0,0,0,0,0,0,0,0,0
reference-temporary-lifetime,x86_64-windows,3,0,1,0,0,0,0,0,2
reference-to-array,x86_64-windows,1,0,0,0,0,0,0,1,0
reference,x86_64-windows,0,0,0,0,0,0,0,0,0
refusals-that-must-not-fire,x86_64-windows,0,0,0,0,0,0,0,0,0
return-by-value-balance,x86_64-windows,10,0,2,0,1,0,0,0,7
return-conversion-leaks-temporary,x86_64-windows,5,0,1,0,1,0,0,3,0
return-converting-constructor,x86_64-windows,4,0,0,0,0,0,0,1,3
return-copy-balance,x86_64-windows,7,0,2,0,1,0,0,0,4
return-owned-temporary,x86_64-windows,7,0,1,0,0,1,0,5,0
return-parameter-moves,x86_64-windows,4,0,0,0,0,2,0,0,2
runtime-shapes,x86_64-windows,82,0,3,0,6,53,0,16,4
rvalue-ref,x86_64-windows,0,0,0,0,0,0,0,0,0
small-class-args,x86_64-windows,4,0,2,0,1,0,0,0,1
small-class-return,x86_64-windows,4,0,1,0,1,0,0,0,2
stack-args-nested,x86_64-windows,4,0,0,0,0,0,1,0,3
stack-probe,x86_64-windows,2,0,0,0,0,0,0,2,0
static-assert,x86_64-windows,0,0,0,0,0,0,0,0,0
static-cast,x86_64-windows,0,0,0,0,0,0,0,0,0
static-local-constructor,x86_64-windows,9,0,1,0,0,0,0,7,1
static-member-const-folds,x86_64-windows,0,0,0,0,0,0,0,0,0
static-member-function,x86_64-windows,4,0,0,0,0,3,0,0,1
static-member-returns-class,x86_64-windows,0,0,0,0,0,0,0,0,0
static-member-through-template-id,x86_64-windows,0,0,0,0,0,0,0,0,0
static-member,x86_64-windows,0,0,0,0,0,0,0,0,0
std-move-and-forward,x86_64-windows,6,0,1,0,0,0,0,5,0
std-namespace-mangling,x86_64-windows,0,0,0,0,0,0,0,0,0
std-swap-two-ints,x86_64-windows,0,0,0,0,0,0,0,0,0
stdexcept,x86_64-windows,87,0,4,0,7,49,0,14,13
stream-base-manipulators,x86_64-windows,136,0,7,0,8,63,0,50,8
stream-char-types,x86_64-windows,132,0,5,0,8,69,0,48,2
stream-long-long,x86_64-windows,143,0,7,0,8,71,0,52,5
stream-number-stops,x86_64-windows,140,0,7,0,9,43,0,52,29
string-at,x86_64-windows,69,0,3,0,6,41,0,13,6
stringize-whitespace,x86_64-windows,0,0,0,0,0,0,0,0,0
tagnames,x86_64-windows,0,0,0,0,0,0,0,0,0
template-angle-split,x86_64-windows,0,0,0,0,0,0,0,0,0
template-angle,x86_64-windows,0,0,0,0,0,0,0,0,0
template-class,x86_64-windows,6,0,2,0,1,2,0,0,1
template-const-argument,x86_64-windows,0,0,0,0,0,0,0,0,0
template-container,x86_64-windows,10,0,1,0,0,1,0,6,2
template-deduction,x86_64-windows,0,0,0,0,0,0,0,0,0
template-default-argument,x86_64-windows,0,0,0,0,0,0,0,0,0
template-dependent-base,x86_64-windows,0,0,0,0,0,0,0,0,0
template-enumerator,x86_64-windows,0,0,0,0,0,0,0,0,0
template-explicit,x86_64-windows,0,0,0,0,0,0,0,0,0
template-function,x86_64-windows,1,0,0,0,0,1,0,0,0
template-id-qualified-and-deduced,x86_64-windows,2,0,0,0,0,0,0,2,0
template-id-qualifier,x86_64-windows,2,0,0,0,0,1,0,1,0
template-in-namespace,x86_64-windows,0,0,0,0,0,0,0,0,0
template-initializer-list-ctor,x86_64-windows,2,0,0,0,0,0,0,2,0
template-member-not-instantiated,x86_64-windows,3,0,0,0,0,0,0,0,3
template-member,x86_64-windows,2,0,0,0,0,0,0,1,1
template-name-shadowed,x86_64-windows,3,0,1,0,0,0,0,2,0
template-nested-angle,x86_64-windows,1,0,0,0,0,1,0,0,0
template-nested,x86_64-windows,14,0,1,0,0,6,0,0,7
template-nontype-expr,x86_64-windows,1,0,0,0,0,0,0,1,0
template-nontype-numeric,x86_64-windows,139,0,5,0,8,69,0,54,3
template-nontype-overload,x86_64-windows,3,0,0,0,0,0,0,3,0
template-nontype,x86_64-windows,0,0,0,0,0,0,0,0,0
template-out-of-line,x86_64-windows,3,0,0,0,0,1,0,0,2
template-overload,x86_64-windows,0,0,0,0,0,0,0,0,0
template-partial,x86_64-windows,0,0,0,0,0,0,0,0,0
template-sfinae,x86_64-windows,0,0,0,0,0,0,0,0,0
template-static-data-member-ctor,x86_64-windows,0,0,0,0,0,0,0,0,0
template-static-data-member,x86_64-windows,0,0,0,0,0,0,0,0,0
template-static-member-no-init,x86_64-windows,0,0,0,0,0,0,0,0,0
template-two-of-a-name,x86_64-windows,0,0,0,0,0,0,0,0,0
template-variadic-into-args,x86_64-windows,0,0,0,0,0,0,0,0,0
template-variadic-peel,x86_64-windows,0,0,0,0,0,0,0,0,0
template-variadic,x86_64-windows,5,0,0,0,0,5,0,0,0
temporary-in-short-circuit,x86_64-windows,3,0,1,0,0,1,0,0,1
temporary-of-template,x86_64-windows,80,0,3,0,6,55,0,14,2
temporary-unwind,x86_64-windows,16,0,6,0,5,0,0,0,5
throw-class-pointer-ms,x86_64-windows,30,0,10,0,10,6,0,4,0
throw-class,x86_64-windows,9,0,4,0,4,1,0,0,0
throw-multiple-bases,x86_64-windows,1,0,1,0,0,0,0,0,0
throw-pointer,x86_64-windows,7,0,2,0,2,1,0,2,0
throw-temporary,x86_64-windows,5,0,1,0,0,0,0,1,3
try-body-local,x86_64-windows,9,0,1,0,0,0,0,5,3
try-catch-value,x86_64-windows,2,0,1,0,0,0,0,0,1
try-catch,x86_64-windows,4,0,2,0,1,0,0,1,0
try-in-try-body,x86_64-windows,2,0,1,0,0,0,0,0,1
tuple,x86_64-windows,0,0,0,0,0,0,0,0,0
two-try-same-type,x86_64-windows,2,0,1,0,0,0,0,0,1
typeid-ms,x86_64-windows,11,0,2,0,1,5,0,0,3
typename-dependent-member,x86_64-windows,0,0,0,0,0,0,0,0,0
unary-operator,x86_64-windows,2,0,0,0,0,0,0,0,2
unsigned-from-double,x86_64-windows,0,0,0,0,0,0,0,0,0
user-conversion,x86_64-windows,2,0,0,0,0,0,0,0,2
using-declaration,x86_64-windows,3,0,0,0,0,2,0,0,1
value-init-empty-braces,x86_64-windows,0,0,0,0,0,0,0,0,0
value-init-fundamental,x86_64-windows,0,0,0,0,0,0,0,0,0
value-init-implicit-ctor,x86_64-windows,0,0,0,0,0,0,0,0,0
value-init-temporary,x86_64-windows,1,0,0,0,0,0,0,1,0
vector-range-insert,x86_64-windows,85,0,3,0,6,49,0,23,4
vector-value-init,x86_64-windows,95,0,4,0,7,59,0,22,3
virtual-base-diamond,x86_64-windows,6,0,1,0,0,2,0,1,2
virtual-base-initialiser,x86_64-windows,18,0,1,0,0,10,0,1,6
virtual-base-member,x86_64-windows,1,0,0,0,0,1,0,0,0
virtual-base-second-base,x86_64-windows,1,0,0,0,0,0,0,1,0
virtual-base-vbtable,x86_64-windows,1,0,0,0,0,1,0,0,0
virtual-dtor,x86_64-windows,3,0,1,0,0,2,0,0,0
virtual-inline,x86_64-windows,4,0,1,0,0,2,0,0,1
virtual,x86_64-windows,3,0,0,0,0,1,0,0,2
vtable-implicit-dtor,x86_64-windows,5,0,1,0,0,4,0,0,0
vtable,x86_64-windows,1,0,0,0,0,0,0,0,1
wchar-distinct,x86_64-windows,0,0,0,0,0,0,0,0,0
wchar-targets,x86_64-windows,0,0,0,0,0,0,0,0,0
wstring,x86_64-windows,101,0,7,0,10,47,0,27,10
access-through-base,arm64-darwin,0,0,0,0,0,0,0,0,0
align-loops,arm64-darwin,0,0,0,0,0,0,0,0,0
alignas-alignof,arm64-darwin,0,0,0,0,0,0,0,0,0
alternative-tokens,arm64-darwin,0,0,0,0,0,0,0,0,0
array-destructor-only,arm64-darwin,0,0,0,0,0,0,0,0,0
array-member-dimensions,arm64-darwin,0,0,0,0,0,0,0,0,0
array-of-class-destructor,arm64-darwin,0,0,0,0,0,0,0,0,0
array-of-class,arm64-darwin,0,0,0,0,0,0,0,0,0
array-parameter-name,arm64-darwin,0,0,0,0,0,0,0,0,0
array-reference-multidim,arm64-darwin,0,0,0,0,0,0,0,0,0
array-static-local,arm64-darwin,0,0,0,0,0,0,0,0,0
array-static-storage,arm64-darwin,0,0,0,0,0,0,0,0,0
auto,arm64-darwin,0,0,0,0,0,0,0,0,0
base-implicit-constructor-emitted,arm64-darwin,0,0,0,0,0,0,0,0,0
base-member-not-rebuilt,arm64-darwin,0,0,0,0,0,0,0,0,0
base-tail-padding,arm64-darwin,0,0,0,0,0,0,0,0,0
bitfield-layout,arm64-darwin,0,0,0,0,0,0,0,0,0
bitfield-zero-width,arm64-darwin,0,0,0,0,0,0,0,0,0
bool-result,arm64-darwin,0,0,0,0,0,0,0,0,0
bool,arm64-darwin,0,0,0,0,0,0,0,0,0
by-value-declared-first,arm64-darwin,0,0,0,0,0,0,0,0,0
by-value-destructor,arm64-darwin,0,0,0,0,0,0,0,0,0
by-value-parameter-unwind,arm64-darwin,0,0,0,0,0,0,0,0,0
by-value-tails,arm64-darwin,0,0,0,0,0,0,0,0,0
by-value,arm64-darwin,0,0,0,0,0,0,0,0,0
call-operator,arm64-darwin,0,0,0,0,0,0,0,0,0
callable-members-and-braces,arm64-darwin,0,0,0,0,0,0,0,0,0
cassert-twice,arm64-darwin,0,0,0,0,0,0,0,0,0
catch-by-reference,arm64-darwin,0,0,0,0,0,0,0,0,0
catch-copy-throws,arm64-darwin,0,0,0,0,0,0,0,0,0
cdtor-dispatch,arm64-darwin,0,0,0,0,0,0,0,0,0
char16-char32,arm64-darwin,0,0,0,0,0,0,0,0,0
class-own-name-temporary,arm64-darwin,0,0,0,0,0,0,0,0,0
class-temporary,arm64-darwin,0,0,0,0,0,0,0,0,0
class,arm64-darwin,0,0,0,0,0,0,0,0,0
cleanup,arm64-darwin,0,0,0,0,0,0,0,0,0
condition-declaration-unwind,arm64-darwin,0,0,0,0,0,0,0,0,0
condition-declaration,arm64-darwin,0,0,0,0,0,0,0,0,0
conditional-class,arm64-darwin,0,0,0,0,0,0,0,0,0
conditional-lvalue,arm64-darwin,0,0,0,0,0,0,0,0,0
const-class-copy,arm64-darwin,0,0,0,0,0,0,0,0,0
const-double-folds,arm64-darwin,0,0,0,0,0,0,0,0,0
const-member,arm64-darwin,0,0,0,0,0,0,0,0,0
const-overload,arm64-darwin,0,0,0,0,0,0,0,0,0
const-uninitialised-ok,arm64-darwin,0,0,0,0,0,0,0,0,0
const,arm64-darwin,0,0,0,0,0,0,0,0,0
constexpr-call-floating,arm64-darwin,0,0,0,0,0,0,0,0,0
constexpr-double,arm64-darwin,0,0,0,0,0,0,0,0,0
constexpr-function,arm64-darwin,0,0,0,0,0,0,0,0,0
constexpr,arm64-darwin,0,0,0,0,0,0,0,0,0
constructor,arm64-darwin,0,0,0,0,0,0,0,0,0
decltype,arm64-darwin,0,0,0,0,0,0,0,0,0
default-arg-base-init,arm64-darwin,0,0,0,0,0,0,0,0,0
default-arg-declares,arm64-darwin,0,0,0,0,0,0,0,0,0
default-arg-member-init,arm64-darwin,0,0,0,0,0,0,0,0,0
default-arg-redeclared,arm64-darwin,0,0,0,0,0,0,0,0,0
default-argument,arm64-darwin,0,0,0,0,0,0,0,0,0
delete-null,arm64-darwin,0,0,0,0,0,0,0,0,0
destructor-jump,arm64-darwin,0,0,0,0,0,0,0,0,0
destructor,arm64-darwin,0,0,0,0,0,0,0,0,0
digraphs,arm64-darwin,0,0,0,0,0,0,0,0,0
direct-init-scalar,arm64-darwin,0,0,0,0,0,0,0,0,0
divide-by-constant,arm64-darwin,0,0,0,0,0,0,0,0,0
dtor-throws-unwinding,arm64-darwin,0,0,0,0,0,0,0,0,0
dynamic-cast-void-multiple,arm64-darwin,0,0,0,0,0,0,0,0,0
dynamic-cast-void,arm64-darwin,0,0,0,0,0,0,0,0,0
dynamic-cast,arm64-darwin,0,0,0,0,0,0,0,0,0
dynamic-init-const,arm64-darwin,0,0,0,0,0,0,0,0,0
dynamic-init-reference,arm64-darwin,0,0,0,0,0,0,0,0,0
dynamic-init-scalar,arm64-darwin,0,0,0,0,0,0,0,0,0
dynamic-init,arm64-darwin,0,0,0,0,0,0,0,0,0
empty-base,arm64-darwin,0,0,0,0,0,0,0,0,0
empty-bases-adjacent,arm64-darwin,0,0,0,0,0,0,0,0,0
empty-class-argument,arm64-darwin,0,0,0,0,0,0,0,0,0
empty-class-by-value,arm64-darwin,0,0,0,0,0,0,0,0,0
empty-class-members,arm64-darwin,0,0,0,0,0,0,0,0,0
enum-base,arm64-darwin,0,0,0,0,0,0,0,0,0
explicit-conversion-function,arm64-darwin,0,0,0,0,0,0,0,0,0
explicit-destructor-call,arm64-darwin,0,0,0,0,0,0,0,0,0
explicit,arm64-darwin,0,0,0,0,0,0,0,0,0
float-literal-exact,arm64-darwin,0,0,0,0,0,0,0,0,0
float-literal-tens,arm64-darwin,0,0,0,0,0,0,0,0,0
forward-declared-class-key,arm64-darwin,0,0,0,0,0,0,0,0,0
forward-values-narrow,arm64-darwin,0,0,0,0,0,0,0,0,0
friend-defined-in-class,arm64-darwin,0,0,0,0,0,0,0,0,0
friend-function,arm64-darwin,0,0,0,0,0,0,0,0,0
friend-operator,arm64-darwin,0,0,0,0,0,0,0,0,0
friend-private-parts,arm64-darwin,0,0,0,0,0,0,0,0,0
friend,arm64-darwin,0,0,0,0,0,0,0,0,0
function-as-value-qualified,arm64-darwin,0,0,0,0,0,0,0,0,0
function-template-partial-ordering,arm64-darwin,0,0,0,0,0,0,0,0,0
functional-cast-paren,arm64-darwin,0,0,0,0,0,0,0,0,0
global-constructor,arm64-darwin,0,0,0,0,0,0,0,0,0
global-scope-qualifier,arm64-darwin,0,0,0,0,0,0,0,0,0
goto-legal-jumps,arm64-darwin,0,0,0,0,0,0,0,0,0
goto-out-of-scope,arm64-darwin,0,0,0,0,0,0,0,0,0
handler-exit-end-catch,arm64-darwin,0,0,0,0,0,0,0,0,0
handler-exit-ms,arm64-darwin,0,0,0,0,0,0,0,0,0
hoist-invariants,arm64-darwin,0,0,0,0,0,0,0,0,0
implicit-destructor-chain,arm64-darwin,0,0,0,0,0,0,0,0,0
implicit-destructor,arm64-darwin,0,0,0,0,0,0,0,0,0
implicit-move,arm64-darwin,0,0,0,0,0,0,0,0,0
implicit-special,arm64-darwin,0,0,0,0,0,0,0,0,0
include-c-wrappers,arm64-darwin,0,0,0,0,0,0,0,0,0
include-map-set,arm64-darwin,0,0,0,0,0,0,0,0,0
include-streams,arm64-darwin,0,0,0,0,0,0,0,0,0
include-string,arm64-darwin,0,0,0,0,0,0,0,0,0
include-vector,arm64-darwin,0,0,0,0,0,0,0,0,0
inherit,arm64-darwin,0,0,0,0,0,0,0,0,0
init-list-as-argument,arm64-darwin,0,0,0,0,0,0,0,0,0
init-list,arm64-darwin,0,0,0,0,0,0,0,0,0
initializer-list-construction,arm64-darwin,0,0,0,0,0,0,0,0,0
inline-body,arm64-darwin,0,0,0,0,0,0,0,0,0
inline-function,arm64-darwin,0,0,0,0,0,0,0,0,0
inline-overlaid-frames,arm64-darwin,0,0,0,0,0,0,0,0,0
integer-literal-types,arm64-darwin,0,0,0,0,0,0,0,0,0
itanium-primary-base,arm64-darwin,0,0,0,0,0,0,0,0,0
jump-out-destroys,arm64-darwin,0,0,0,0,0,0,0,0,0
jump-out-of-switch,arm64-darwin,0,0,0,0,0,0,0,0,0
label-then-declaration,arm64-darwin,0,0,0,0,0,0,0,0,0
lambda-after-destructible,arm64-darwin,0,0,0,0,0,0,0,0,0
lambda-capture-by-reference,arm64-darwin,0,0,0,0,0,0,0,0,0
lambda-capture-by-value,arm64-darwin,0,0,0,0,0,0,0,0,0
lambda-capture-default-this,arm64-darwin,0,0,0,0,0,0,0,0,0
lambda-capture-this-const,arm64-darwin,0,0,0,0,0,0,0,0,0
lambda-capture-this,arm64-darwin,0,0,0,0,0,0,0,0,0
lambda-capture,arm64-darwin,0,0,0,0,0,0,0,0,0
lambda-class-scope-names,arm64-darwin,0,0,0,0,0,0,0,0,0
lambda-default-capture,arm64-darwin,0,0,0,0,0,0,0,0,0
lambda-keeps-try-state,arm64-darwin,0,0,0,0,0,0,0,0,0
lambda-mutable,arm64-darwin,0,0,0,0,0,0,0,0,0
lambda-nested-capture,arm64-darwin,0,0,0,0,0,0,0,0,0
lambda-return-through-try,arm64-darwin,0,0,0,0,0,0,0,0,0
lambda-returning-lambda,arm64-darwin,0,0,0,0,0,0,0,0,0
lambda-static-local,arm64-darwin,0,0,0,0,0,0,0,0,0
lambda,arm64-darwin,0,0,0,0,0,0,0,0,0
lifetime-ledger,arm64-darwin,0,0,0,0,0,0,0,0,0
linkage,arm64-darwin,0,0,0,0,0,0,0,0,0
local-beside-try,arm64-darwin,0,0,0,0,0,0,0,0,0
local-class-in-member,arm64-darwin,0,0,0,0,0,0,0,0,0
local-class-main,arm64-darwin,0,0,0,0,0,0,0,0,0
local-class-template-arg,arm64-darwin,0,0,0,0,0,0,0,0,0
local-class-two-functions,arm64-darwin,0,0,0,0,0,0,0,0,0
local-class,arm64-darwin,0,0,0,0,0,0,0,0,0
local-in-handler,arm64-darwin,0,0,0,0,0,0,0,0,0
local-try-states,arm64-darwin,0,0,0,0,0,0,0,0,0
long-double-exact,arm64-darwin,0,0,0,0,0,0,0,0,0
longlong-shift-runtime-count,arm64-darwin,0,0,0,0,0,0,0,0,0
longlong-switch-bitfield,arm64-darwin,0,0,0,0,0,0,0,0,0
lookup-order,arm64-darwin,0,0,0,0,0,0,0,0,0
mem-init-qualified-base,arm64-darwin,0,0,0,0,0,0,0,0,0
mem-init-template-id-base,arm64-darwin,0,0,0,0,0,0,0,0,0
mem-init-two-rules,arm64-darwin,0,0,0,0,0,0,0,0,0
mem-init-value-init,arm64-darwin,0,0,0,0,0,0,0,0,0
member-default-init,arm64-darwin,0,0,0,0,0,0,0,0,0
member-function-pointer,arm64-darwin,0,0,0,0,0,0,0,0,0
member-hiding,arm64-darwin,0,0,0,0,0,0,0,0,0
member-init-class,arm64-darwin,0,0,0,0,0,0,0,0,0
member-initialiser,arm64-darwin,0,0,0,0,0,0,0,0,0
member-operator,arm64-darwin,0,0,0,0,0,0,0,0,0
member-pointer-base-on-derived,arm64-darwin,0,0,0,0,0,0,0,0,0
member-pointer-global,arm64-darwin,0,0,0,0,0,0,0,0,0
member-pointer-models,arm64-darwin,0,0,0,0,0,0,0,0,0
member-pointer-nested-class,arm64-darwin,0,0,0,0,0,0,0,0,0
member-pointer-virtual,arm64-darwin,0,0,0,0,0,0,0,0,0
member-pointer-width,arm64-darwin,0,0,0,0,0,0,0,0,0
member-pointer,arm64-darwin,0,0,0,0,0,0,0,0,0
member-returns-reference,arm64-darwin,0,0,0,0,0,0,0,0,0
member-struct-return,arm64-darwin,0,0,0,0,0,0,0,0,0
member-typedef,arm64-darwin,0,0,0,0,0,0,0,0,0
member,arm64-darwin,0,0,0,0,0,0,0,0,0
mi-override-implied,arm64-darwin,0,0,0,0,0,0,0,0,0
mixed,arm64-darwin,0,0,0,0,0,0,0,0,0
move-constructor,arm64-darwin,0,0,0,0,0,0,0,0,0
move-only,arm64-darwin,0,0,0,0,0,0,0,0,0
multiple-declarators,arm64-darwin,0,0,0,0,0,0,0,0,0
multiple,arm64-darwin,0,0,0,0,0,0,0,0,0
mutable-member,arm64-darwin,0,0,0,0,0,0,0,0,0
named-casts,arm64-darwin,0,0,0,0,0,0,0,0,0
named-constant,arm64-darwin,0,0,0,0,0,0,0,0,0
namespace-member-defined-outside,arm64-darwin,0,0,0,0,0,0,0,0,0
namespace-unnamed,arm64-darwin,0,0,0,0,0,0,0,0,0
namespace,arm64-darwin,0,0,0,0,0,0,0,0,0
narrowing-allowed,arm64-darwin,0,0,0,0,0,0,0,0,0
nested-class,arm64-darwin,0,0,0,0,0,0,0,0,0
nested-enum,arm64-darwin,0,0,0,0,0,0,0,0,0
nested-parse-state,arm64-darwin,0,0,0,0,0,0,0,0,0
new-array-value-init,arm64-darwin,0,0,0,0,0,0,0,0,0
new-class-array-placement,arm64-darwin,0,0,0,0,0,0,0,0,0
new-header,arm64-darwin,0,0,0,0,0,0,0,0,0
new-nothrow,arm64-darwin,0,0,0,0,0,0,0,0,0
new-value-init,arm64-darwin,0,0,0,0,0,0,0,0,0
new,arm64-darwin,0,0,0,0,0,0,0,0,0
noexcept-terminates-callee,arm64-darwin,0,0,0,0,0,0,0,0,0
noexcept-terminates,arm64-darwin,0,0,0,0,0,0,0,0,0
noexcept,arm64-darwin,0,0,0,0,0,0,0,0,0
nonmember-operator,arm64-darwin,0,0,0,0,0,0,0,0,0
nullptr,arm64-darwin,0,0,0,0,0,0,0,0,0
operator-arrow,arm64-darwin,0,0,0,0,0,0,0,0,0
operator-assign,arm64-darwin,0,0,0,0,0,0,0,0,0
operator-by-name,arm64-darwin,0,0,0,0,0,0,0,0,0
operator-compound-nonmember,arm64-darwin,0,0,0,0,0,0,0,0,0
operator-compound,arm64-darwin,0,0,0,0,0,0,0,0,0
operator-conversion,arm64-darwin,0,0,0,0,0,0,0,0,0
operator-delete-virtual,arm64-darwin,0,0,0,0,0,0,0,0,0
operator-new,arm64-darwin,0,0,0,0,0,0,0,0,0
operator-subscript,arm64-darwin,0,0,0,0,0,0,0,0,0
overload,arm64-darwin,0,0,0,0,0,0,0,0,0
override-implied,arm64-darwin,0,0,0,0,0,0,0,0,0
override-return-covariant,arm64-darwin,0,0,0,0,0,0,0,0,0
own-vptr-plain-base,arm64-darwin,0,0,0,0,0,0,0,0,0
partial-skips-primary-out-of-line,arm64-darwin,0,0,0,0,0,0,0,0,0
placement-array-new,arm64-darwin,0,0,0,0,0,0,0,0,0
polymorphic-class-template,arm64-darwin,0,0,0,0,0,0,0,0,0
pragma-pack,arm64-darwin,0,0,0,0,0,0,0,0,0
preprocessor-has-checks,arm64-darwin,0,0,0,0,0,0,0,0,0
preprocessor-wide,arm64-darwin,0,0,0,0,0,0,0,0,0
private-nested-return-type,arm64-darwin,0,0,0,0,0,0,0,0,0
pure-virtual,arm64-darwin,0,0,0,0,0,0,0,0,0
qualification-into-array,arm64-darwin,0,0,0,0,0,0,0,0,0
qualified-base-call,arm64-darwin,0,0,0,0,0,0,0,0,0
qualified-member-access,arm64-darwin,0,0,0,0,0,0,0,0,0
range-for-class,arm64-darwin,0,0,0,0,0,0,0,0,0
range-for-vector,arm64-darwin,0,0,0,0,0,0,0,0,0
range-for,arm64-darwin,0,0,0,0,0,0,0,0,0
reference-member,arm64-darwin,0,0,0,0,0,0,0,0,0
reference-temporary-lifetime,arm64-darwin,0,0,0,0,0,0,0,0,0
reference-to-array,arm64-darwin,0,0,0,0,0,0,0,0,0
reference,arm64-darwin,0,0,0,0,0,0,0,0,0
refusals-that-must-not-fire,arm64-darwin,0,0,0,0,0,0,0,0,0
rethrow,arm64-darwin,0,0,0,0,0,0,0,0,0
return-by-value-balance,arm64-darwin,0,0,0,0,0,0,0,0,0
return-conversion-leaks-temporary,arm64-darwin,0,0,0,0,0,0,0,0,0
return-converting-constructor,arm64-darwin,0,0,0,0,0,0,0,0,0
return-copy-balance,arm64-darwin,0,0,0,0,0,0,0,0,0
return-owned-temporary,arm64-darwin,0,0,0,0,0,0,0,0,0
return-parameter-moves,arm64-darwin,0,0,0,0,0,0,0,0,0
runtime-shapes,arm64-darwin,0,0,0,0,0,0,0,0,0
rvalue-ref,arm64-darwin,0,0,0,0,0,0,0,0,0
second-base-virtual-call,arm64-darwin,0,0,0,0,0,0,0,0,0
small-class-args,arm64-darwin,0,0,0,0,0,0,0,0,0
small-class-return,arm64-darwin,0,0,0,0,0,0,0,0,0
stack-args-nested,arm64-darwin,0,0,0,0,0,0,0,0,0
stack-probe,arm64-darwin,1,1,0,0,0,0,0,0,0
static-assert,arm64-darwin,0,0,0,0,0,0,0,0,0
static-base-pointer,arm64-darwin,0,0,0,0,0,0,0,0,0
static-cast,arm64-darwin,0,0,0,0,0,0,0,0,0
static-local-constructor,arm64-darwin,0,0,0,0,0,0,0,0,0
static-member-const-folds,arm64-darwin,0,0,0,0,0,0,0,0,0
static-member-function,arm64-darwin,0,0,0,0,0,0,0,0,0
static-member-returns-class,arm64-darwin,0,0,0,0,0,0,0,0,0
static-member-through-template-id,arm64-darwin,0,0,0,0,0,0,0,0,0
static-member,arm64-darwin,0,0,0,0,0,0,0,0,0
std-move-and-forward,arm64-darwin,0,0,0,0,0,0,0,0,0
std-namespace-mangling,arm64-darwin,0,0,0,0,0,0,0,0,0
std-swap-two-ints,arm64-darwin,0,0,0,0,0,0,0,0,0
stdexcept,arm64-darwin,0,0,0,0,0,0,0,0,0
stream-base-manipulators,arm64-darwin,0,0,0,0,0,0,0,0,0
stream-char-types,arm64-darwin,0,0,0,0,0,0,0,0,0
stream-long-long,arm64-darwin,0,0,0,0,0,0,0,0,0
stream-number-stops,arm64-darwin,0,0,0,0,0,0,0,0,0
string-at,arm64-darwin,0,0,0,0,0,0,0,0,0
stringize-whitespace,arm64-darwin,0,0,0,0,0,0,0,0,0
tagnames,arm64-darwin,0,0,0,0,0,0,0,0,0
template-angle-split,arm64-darwin,0,0,0,0,0,0,0,0,0
template-angle,arm64-darwin,0,0,0,0,0,0,0,0,0
template-class,arm64-darwin,0,0,0,0,0,0,0,0,0
template-const-argument,arm64-darwin,0,0,0,0,0,0,0,0,0
template-container,arm64-darwin,0,0,0,0,0,0,0,0,0
template-deduction,arm64-darwin,0,0,0,0,0,0,0,0,0
template-default-argument,arm64-darwin,0,0,0,0,0,0,0,0,0
template-dependent-base,arm64-darwin,0,0,0,0,0,0,0,0,0
template-enumerator,arm64-darwin,0,0,0,0,0,0,0,0,0
template-explicit,arm64-darwin,0,0,0,0,0,0,0,0,0
template-function,arm64-darwin,0,0,0,0,0,0,0,0,0
template-id-qualified-and-deduced,arm64-darwin,0,0,0,0,0,0,0,0,0
template-id-qualifier,arm64-darwin,0,0,0,0,0,0,0,0,0
template-in-namespace,arm64-darwin,0,0,0,0,0,0,0,0,0
template-initializer-list-ctor,arm64-darwin,0,0,0,0,0,0,0,0,0
template-member-not-instantiated,arm64-darwin,0,0,0,0,0,0,0,0,0
template-member,arm64-darwin,0,0,0,0,0,0,0,0,0
template-name-shadowed,arm64-darwin,0,0,0,0,0,0,0,0,0
template-nested-angle,arm64-darwin,0,0,0,0,0,0,0,0,0
template-nested,arm64-darwin,0,0,0,0,0,0,0,0,0
template-nontype-expr,arm64-darwin,0,0,0,0,0,0,0,0,0
template-nontype-numeric,arm64-darwin,0,0,0,0,0,0,0,0,0
template-nontype-overload,arm64-darwin,0,0,0,0,0,0,0,0,0
template-nontype,arm64-darwin,0,0,0,0,0,0,0,0,0
template-out-of-line,arm64-darwin,0,0,0,0,0,0,0,0,0
template-overload,arm64-darwin,0,0,0,0,0,0,0,0,0
template-partial,arm64-darwin,0,0,0,0,0,0,0,0,0
template-sfinae,arm64-darwin,0,0,0,0,0,0,0,0,0
template-static-data-member-ctor,arm64-darwin,0,0,0,0,0,0,0,0,0
template-static-data-member,arm64-darwin,0,0,0,0,0,0,0,0,0
template-static-member-no-init,arm64-darwin,0,0,0,0,0,0,0,0,0
template-two-of-a-name,arm64-darwin,0,0,0,0,0,0,0,0,0
template-variadic-into-args,arm64-darwin,0,0,0,0,0,0,0,0,0
template-variadic-peel,arm64-darwin,0,0,0,0,0,0,0,0,0
template-variadic,arm64-darwin,0,0,0,0,0,0,0,0,0
temporary-in-short-circuit,arm64-darwin,0,0,0,0,0,0,0,0,0
temporary-of-template,arm64-darwin,0,0,0,0,0,0,0,0,0
temporary-unwind,arm64-darwin,0,0,0,0,0,0,0,0,0
throw-class-pointer-ms,arm64-darwin,0,0,0,0,0,0,0,0,0
throw-class,arm64-darwin,0,0,0,0,0,0,0,0,0
throw-multiple-bases,arm64-darwin,0,0,0,0,0,0,0,0,0
throw-out-of-handler,arm64-darwin,0,0,0,0,0,0,0,0,0
throw-pointer,arm64-darwin,0,0,0,0,0,0,0,0,0
throw-temporary,arm64-darwin,0,0,0,0,0,0,0,0,0
thunk,arm64-darwin,0,0,0,0,0,0,0,0,0
try-body-local,arm64-darwin,0,0,0,0,0,0,0,0,0
try-catch-value,arm64-darwin,0,0,0,0,0,0,0,0,0
try-catch,arm64-darwin,0,0,0,0,0,0,0,0,0
try-in-handler,arm64-darwin,0,0,0,0,0,0,0,0,0
try-in-try-body,arm64-darwin,0,0,0,0,0,0,0,0,0
tuple,arm64-darwin,0,0,0,0,0,0,0,0,0
two-try-same-type,arm64-darwin,0,0,0,0,0,0,0,0,0
typeid-ms,arm64-darwin,0,0,0,0,0,0,0,0,0
typeid,arm64-darwin,0,0,0,0,0,0,0,0,0
typename-dependent-member,arm64-darwin,0,0,0,0,0,0,0,0,0
unary-operator,arm64-darwin,0,0,0,0,0,0,0,0,0
unsigned-from-double,arm64-darwin,0,0,0,0,0,0,0,0,0
user-conversion,arm64-darwin,0,0,0,0,0,0,0,0,0
using-declaration,arm64-darwin,0,0,0,0,0,0,0,0,0
value-init-empty-braces,arm64-darwin,0,0,0,0,0,0,0,0,0
value-init-fundamental,arm64-darwin,0,0,0,0,0,0,0,0,0
value-init-implicit-ctor,arm64-darwin,0,0,0,0,0,0,0,0,0
value-init-temporary,arm64-darwin,0,0,0,0,0,0,0,0,0
vector-range-insert,arm64-darwin,0,0,0,0,0,0,0,0,0
vector-value-init,arm64-darwin,0,0,0,0,0,0,0,0,0
virtual-base-construction-vtable,arm64-darwin,0,0,0,0,0,0,0,0,0
virtual-base-diamond,arm64-darwin,0,0,0,0,0,0,0,0,0
virtual-base-dispatch,arm64-darwin,0,0,0,0,0,0,0,0,0
virtual-base-initialiser,arm64-darwin,0,0,0,0,0,0,0,0,0
virtual-base-member,arm64-darwin,0,0,0,0,0,0,0,0,0
virtual-base-of-virtual-base,arm64-darwin,0,0,0,0,0,0,0,0,0
virtual-base-second-base,arm64-darwin,0,0,0,0,0,0,0,0,0
virtual-base-vbtable,arm64-darwin,0,0,0,0,0,0,0,0,0
virtual-dtor-through-virtual-base,arm64-darwin,0,0,0,0,0,0,0,0,0
virtual-dtor,arm64-darwin,0,0,0,0,0,0,0,0,0
virtual-inline,arm64-darwin,0,0,0,0,0,0,0,0,0
virtual,arm64-darwin,0,0,0,0,0,0,0,0,0
volatile-object,arm64-darwin,0,0,0,0,0,0,0,0,0
vtable-implicit-dtor,arm64-darwin,0,0,0,0,0,0,0,0,0
vtable,arm64-darwin,0,0,0,0,0,0,0,0,0
wchar-distinct,arm64-darwin,0,0,0,0,0,0,0,0,0
wchar-targets,arm64-darwin,0,0,0,0,0,0,0,0,0
wstring,arm64-darwin,0,0,0,0,0,0,0,0,0
access-through-base,tms6747,0,0,0,0,0,0,0,0,0
align-loops,tms6747,0,0,0,0,0,0,0,0,0
alignas-alignof,tms6747,0,0,0,0,0,0,0,0,0
alternative-tokens,tms6747,0,0,0,0,0,0,0,0,0
array-destructor-only,tms6747,0,0,0,0,0,0,0,0,0
array-member-dimensions,tms6747,0,0,0,0,0,0,0,0,0
array-of-class-destructor,tms6747,0,0,0,0,0,0,0,0,0
array-of-class,tms6747,0,0,0,0,0,0,0,0,0
array-parameter-name,tms6747,0,0,0,0,0,0,0,0,0
array-reference-multidim,tms6747,0,0,0,0,0,0,0,0,0
array-static-local,tms6747,0,0,0,0,0,0,0,0,0
array-static-storage,tms6747,0,0,0,0,0,0,0,0,0
auto,tms6747,0,0,0,0,0,0,0,0,0
base-implicit-constructor-emitted,tms6747,0,0,0,0,0,0,0,0,0
base-member-not-rebuilt,tms6747,0,0,0,0,0,0,0,0,0
bitfield-layout,tms6747,0,0,0,0,0,0,0,0,0
bitfield-zero-width,tms6747,0,0,0,0,0,0,0,0,0
bool-result,tms6747,0,0,0,0,0,0,0,0,0
bool,tms6747,0,0,0,0,0,0,0,0,0
by-value-declared-first,tms6747,0,0,0,0,0,0,0,0,0
by-value-destructor,tms6747,0,0,0,0,0,0,0,0,0
by-value-parameter-unwind,tms6747,0,0,0,0,0,0,0,0,0
by-value-tails,tms6747,0,0,0,0,0,0,0,0,0
by-value,tms6747,0,0,0,0,0,0,0,0,0
call-operator,tms6747,0,0,0,0,0,0,0,0,0
callable-members-and-braces,tms6747,0,0,0,0,0,0,0,0,0
cassert-twice,tms6747,0,0,0,0,0,0,0,0,0
catch-by-reference,tms6747,0,0,0,0,0,0,0,0,0
catch-copy-throws,tms6747,0,0,0,0,0,0,0,0,0
cdtor-dispatch,tms6747,0,0,0,0,0,0,0,0,0
char16-char32,tms6747,0,0,0,0,0,0,0,0,0
class-own-name-temporary,tms6747,0,0,0,0,0,0,0,0,0
class-temporary,tms6747,0,0,0,0,0,0,0,0,0
class,tms6747,0,0,0,0,0,0,0,0,0
cleanup,tms6747,0,0,0,0,0,0,0,0,0
condition-declaration-unwind,tms6747,0,0,0,0,0,0,0,0,0
condition-declaration,tms6747,0,0,0,0,0,0,0,0,0
conditional-class,tms6747,0,0,0,0,0,0,0,0,0
conditional-lvalue,tms6747,0,0,0,0,0,0,0,0,0
const-class-copy,tms6747,0,0,0,0,0,0,0,0,0
const-double-folds,tms6747,0,0,0,0,0,0,0,0,0
const-member,tms6747,0,0,0,0,0,0,0,0,0
const-overload,tms6747,0,0,0,0,0,0,0,0,0
const-uninitialised-ok,tms6747,0,0,0,0,0,0,0,0,0
const,tms6747,0,0,0,0,0,0,0,0,0
constexpr-call-floating,tms6747,0,0,0,0,0,0,0,0,0
constexpr-double,tms6747,0,0,0,0,0,0,0,0,0
constexpr-function,tms6747,0,0,0,0,0,0,0,0,0
constexpr,tms6747,0,0,0,0,0,0,0,0,0
constructor,tms6747,0,0,0,0,0,0,0,0,0
decltype,tms6747,0,0,0,0,0,0,0,0,0
default-arg-base-init,tms6747,0,0,0,0,0,0,0,0,0
default-arg-declares,tms6747,0,0,0,0,0,0,0,0,0
default-arg-member-init,tms6747,0,0,0,0,0,0,0,0,0
default-arg-redeclared,tms6747,0,0,0,0,0,0,0,0,0
default-argument,tms6747,0,0,0,0,0,0,0,0,0
delete-null,tms6747,0,0,0,0,0,0,0,0,0
destructor-jump,tms6747,0,0,0,0,0,0,0,0,0
destructor,tms6747,0,0,0,0,0,0,0,0,0
digraphs,tms6747,0,0,0,0,0,0,0,0,0
direct-init-scalar,tms6747,0,0,0,0,0,0,0,0,0
divide-by-constant,tms6747,0,0,0,0,0,0,0,0,0
dtor-throws-unwinding,tms6747,0,0,0,0,0,0,0,0,0
dynamic-cast-void-multiple,tms6747,0,0,0,0,0,0,0,0,0
dynamic-cast-void,tms6747,0,0,0,0,0,0,0,0,0
dynamic-cast,tms6747,0,0,0,0,0,0,0,0,0
dynamic-init-const,tms6747,0,0,0,0,0,0,0,0,0
dynamic-init-reference,tms6747,0,0,0,0,0,0,0,0,0
dynamic-init-scalar,tms6747,0,0,0,0,0,0,0,0,0
dynamic-init,tms6747,0,0,0,0,0,0,0,0,0
empty-base,tms6747,0,0,0,0,0,0,0,0,0
empty-bases-adjacent,tms6747,0,0,0,0,0,0,0,0,0
empty-class-argument,tms6747,0,0,0,0,0,0,0,0,0
empty-class-by-value,tms6747,0,0,0,0,0,0,0,0,0
empty-class-members,tms6747,0,0,0,0,0,0,0,0,0
enum-base,tms6747,0,0,0,0,0,0,0,0,0
explicit-conversion-function,tms6747,0,0,0,0,0,0,0,0,0
explicit-destructor-call,tms6747,0,0,0,0,0,0,0,0,0
explicit,tms6747,0,0,0,0,0,0,0,0,0
float-literal-exact,tms6747,0,0,0,0,0,0,0,0,0
float-literal-tens,tms6747,0,0,0,0,0,0,0,0,0
forward-declared-class-key,tms6747,0,0,0,0,0,0,0,0,0
forward-values-narrow,tms6747,0,0,0,0,0,0,0,0,0
friend-defined-in-class,tms6747,0,0,0,0,0,0,0,0,0
friend-function,tms6747,0,0,0,0,0,0,0,0,0
friend-operator,tms6747,0,0,0,0,0,0,0,0,0
friend-private-parts,tms6747,0,0,0,0,0,0,0,0,0
friend,tms6747,0,0,0,0,0,0,0,0,0
function-as-value-qualified,tms6747,0,0,0,0,0,0,0,0,0
function-template-partial-ordering,tms6747,0,0,0,0,0,0,0,0,0
functional-cast-paren,tms6747,0,0,0,0,0,0,0,0,0
global-constructor,tms6747,0,0,0,0,0,0,0,0,0
global-scope-qualifier,tms6747,0,0,0,0,0,0,0,0,0
goto-legal-jumps,tms6747,0,0,0,0,0,0,0,0,0
goto-out-of-scope,tms6747,0,0,0,0,0,0,0,0,0
handler-exit-end-catch,tms6747,0,0,0,0,0,0,0,0,0
handler-exit-ms,tms6747,0,0,0,0,0,0,0,0,0
hoist-invariants,tms6747,0,0,0,0,0,0,0,0,0
implicit-destructor-chain,tms6747,0,0,0,0,0,0,0,0,0
implicit-destructor,tms6747,0,0,0,0,0,0,0,0,0
implicit-move,tms6747,0,0,0,0,0,0,0,0,0
implicit-special,tms6747,0,0,0,0,0,0,0,0,0
include-c-wrappers,tms6747,0,0,0,0,0,0,0,0,0
include-map-set,tms6747,0,0,0,0,0,0,0,0,0
include-streams,tms6747,0,0,0,0,0,0,0,0,0
include-string,tms6747,0,0,0,0,0,0,0,0,0
include-vector,tms6747,0,0,0,0,0,0,0,0,0
inherit,tms6747,0,0,0,0,0,0,0,0,0
init-list-as-argument,tms6747,0,0,0,0,0,0,0,0,0
init-list,tms6747,0,0,0,0,0,0,0,0,0
initializer-list-construction,tms6747,0,0,0,0,0,0,0,0,0
inline-body,tms6747,0,0,0,0,0,0,0,0,0
inline-function,tms6747,0,0,0,0,0,0,0,0,0
inline-overlaid-frames,tms6747,0,0,0,0,0,0,0,0,0
integer-literal-types,tms6747,0,0,0,0,0,0,0,0,0
itanium-primary-base,tms6747,0,0,0,0,0,0,0,0,0
jump-out-destroys,tms6747,0,0,0,0,0,0,0,0,0
jump-out-of-switch,tms6747,0,0,0,0,0,0,0,0,0
label-then-declaration,tms6747,0,0,0,0,0,0,0,0,0
lambda-after-destructible,tms6747,0,0,0,0,0,0,0,0,0
lambda-capture-by-reference,tms6747,0,0,0,0,0,0,0,0,0
lambda-capture-by-value,tms6747,0,0,0,0,0,0,0,0,0
lambda-capture-default-this,tms6747,0,0,0,0,0,0,0,0,0
lambda-capture-this-const,tms6747,0,0,0,0,0,0,0,0,0
lambda-capture-this,tms6747,0,0,0,0,0,0,0,0,0
lambda-capture,tms6747,0,0,0,0,0,0,0,0,0
lambda-class-scope-names,tms6747,0,0,0,0,0,0,0,0,0
lambda-default-capture,tms6747,0,0,0,0,0,0,0,0,0
lambda-keeps-try-state,tms6747,0,0,0,0,0,0,0,0,0
lambda-mutable,tms6747,0,0,0,0,0,0,0,0,0
lambda-nested-capture,tms6747,0,0,0,0,0,0,0,0,0
lambda-return-through-try,tms6747,0,0,0,0,0,0,0,0,0
lambda-returning-lambda,tms6747,0,0,0,0,0,0,0,0,0
lambda-static-local,tms6747,0,0,0,0,0,0,0,0,0
lambda,tms6747,0,0,0,0,0,0,0,0,0
lifetime-ledger,tms6747,0,0,0,0,0,0,0,0,0
linkage,tms6747,0,0,0,0,0,0,0,0,0
local-beside-try,tms6747,0,0,0,0,0,0,0,0,0
local-class-in-member,tms6747,0,0,0,0,0,0,0,0,0
local-class-main,tms6747,0,0,0,0,0,0,0,0,0
local-class-template-arg,tms6747,0,0,0,0,0,0,0,0,0
local-class-two-functions,tms6747,0,0,0,0,0,0,0,0,0
local-class,tms6747,0,0,0,0,0,0,0,0,0
local-in-handler,tms6747,0,0,0,0,0,0,0,0,0
local-try-states,tms6747,0,0,0,0,0,0,0,0,0
long-double-exact,tms6747,0,0,0,0,0,0,0,0,0
longlong-shift-runtime-count,tms6747,0,0,0,0,0,0,0,0,0
longlong-switch-bitfield,tms6747,0,0,0,0,0,0,0,0,0
lookup-order,tms6747,0,0,0,0,0,0,0,0,0
mem-init-qualified-base,tms6747,0,0,0,0,0,0,0,0,0
mem-init-template-id-base,tms6747,0,0,0,0,0,0,0,0,0
mem-init-two-rules,tms6747,0,0,0,0,0,0,0,0,0
mem-init-value-init,tms6747,0,0,0,0,0,0,0,0,0
member-default-init,tms6747,0,0,0,0,0,0,0,0,0
member-function-pointer,tms6747,0,0,0,0,0,0,0,0,0
member-hiding,tms6747,0,0,0,0,0,0,0,0,0
member-init-class,tms6747,0,0,0,0,0,0,0,0,0
member-initialiser,tms6747,0,0,0,0,0,0,0,0,0
member-operator,tms6747,0,0,0,0,0,0,0,0,0
member-pointer-base-on-derived,tms6747,0,0,0,0,0,0,0,0,0
member-pointer-global,tms6747,0,0,0,0,0,0,0,0,0
member-pointer-models,tms6747,0,0,0,0,0,0,0,0,0
member-pointer-nested-class,tms6747,0,0,0,0,0,0,0,0,0
member-pointer-virtual,tms6747,0,0,0,0,0,0,0,0,0
member-pointer-width,tms6747,0,0,0,0,0,0,0,0,0
member-pointer,tms6747,0,0,0,0,0,0,0,0,0
member-returns-reference,tms6747,0,0,0,0,0,0,0,0,0
member-struct-return,tms6747,0,0,0,0,0,0,0,0,0
member-typedef,tms6747,0,0,0,0,0,0,0,0,0
member,tms6747,0,0,0,0,0,0,0,0,0
mi-override-implied,tms6747,0,0,0,0,0,0,0,0,0
mixed,tms6747,0,0,0,0,0,0,0,0,0
move-constructor,tms6747,0,0,0,0,0,0,0,0,0
move-only,tms6747,0,0,0,0,0,0,0,0,0
multiple-declarators,tms6747,0,0,0,0,0,0,0,0,0
multiple,tms6747,0,0,0,0,0,0,0,0,0
mutable-member,tms6747,0,0,0,0,0,0,0,0,0
named-casts,tms6747,0,0,0,0,0,0,0,0,0
named-constant,tms6747,0,0,0,0,0,0,0,0,0
namespace-member-defined-outside,tms6747,0,0,0,0,0,0,0,0,0
namespace-unnamed,tms6747,0,0,0,0,0,0,0,0,0
namespace,tms6747,0,0,0,0,0,0,0,0,0
narrowing-allowed,tms6747,0,0,0,0,0,0,0,0,0
nested-class,tms6747,0,0,0,0,0,0,0,0,0
nested-enum,tms6747,0,0,0,0,0,0,0,0,0
nested-parse-state,tms6747,0,0,0,0,0,0,0,0,0
new-array-value-init,tms6747,0,0,0,0,0,0,0,0,0
new-class-array-placement,tms6747,0,0,0,0,0,0,0,0,0
new-value-init,tms6747,0,0,0,0,0,0,0,0,0
new,tms6747,0,0,0,0,0,0,0,0,0
noexcept-local-terminates,tms6747,0,0,0,0,0,0,0,0,0
noexcept-terminates-callee,tms6747,0,0,0,0,0,0,0,0,0
noexcept-terminates,tms6747,0,0,0,0,0,0,0,0,0
noexcept,tms6747,0,0,0,0,0,0,0,0,0
nonmember-operator,tms6747,0,0,0,0,0,0,0,0,0
nullptr,tms6747,0,0,0,0,0,0,0,0,0
operator-arrow,tms6747,0,0,0,0,0,0,0,0,0
operator-assign,tms6747,0,0,0,0,0,0,0,0,0
operator-by-name,tms6747,0,0,0,0,0,0,0,0,0
operator-compound-nonmember,tms6747,0,0,0,0,0,0,0,0,0
operator-compound,tms6747,0,0,0,0,0,0,0,0,0
operator-conversion,tms6747,0,0,0,0,0,0,0,0,0
operator-delete-virtual,tms6747,0,0,0,0,0,0,0,0,0
operator-new,tms6747,0,0,0,0,0,0,0,0,0
operator-subscript,tms6747,0,0,0,0,0,0,0,0,0
overload,tms6747,0,0,0,0,0,0,0,0,0
override-implied,tms6747,0,0,0,0,0,0,0,0,0
override-return-covariant,tms6747,0,0,0,0,0,0,0,0,0
own-vptr-plain-base,tms6747,0,0,0,0,0,0,0,0,0
partial-skips-primary-out-of-line,tms6747,0,0,0,0,0,0,0,0,0
placement-array-new,tms6747,0,0,0,0,0,0,0,0,0
polymorphic-class-template,tms6747,0,0,0,0,0,0,0,0,0
preprocessor-has-checks,tms6747,0,0,0,0,0,0,0,0,0
preprocessor-wide,tms6747,0,0,0,0,0,0,0,0,0
private-nested-return-type,tms6747,0,0,0,0,0,0,0,0,0
pure-virtual,tms6747,0,0,0,0,0,0,0,0,0
qualification-into-array,tms6747,0,0,0,0,0,0,0,0,0
qualified-base-call,tms6747,0,0,0,0,0,0,0,0,0
qualified-member-access,tms6747,0,0,0,0,0,0,0,0,0
range-for-class,tms6747,0,0,0,0,0,0,0,0,0
range-for-vector,tms6747,0,0,0,0,0,0,0,0,0
range-for,tms6747,0,0,0,0,0,0,0,0,0
reference-member,tms6747,0,0,0,0,0,0,0,0,0
reference-temporary-lifetime,tms6747,0,0,0,0,0,0,0,0,0
reference-to-array,tms6747,0,0,0,0,0,0,0,0,0
reference,tms6747,0,0,0,0,0,0,0,0,0
refusals-that-must-not-fire,tms6747,0,0,0,0,0,0,0,0,0
rethrow,tms6747,0,0,0,0,0,0,0,0,0
return-by-value-balance,tms6747,0,0,0,0,0,0,0,0,0
return-conversion-leaks-temporary,tms6747,0,0,0,0,0,0,0,0,0
return-converting-constructor,tms6747,0,0,0,0,0,0,0,0,0
return-copy-balance,tms6747,0,0,0,0,0,0,0,0,0
return-owned-temporary,tms6747,0,0,0,0,0,0,0,0,0
return-parameter-moves,tms6747,0,0,0,0,0,0,0,0,0
runtime-shapes,tms6747,0,0,0,0,0,0,0,0,0
rvalue-ref,tms6747,0,0,0,0,0,0,0,0,0
second-base-virtual-call,tms6747,0,0,0,0,0,0,0,0,0
small-class-args,tms6747,0,0,0,0,0,0,0,0,0
small-class-return,tms6747,0,0,0,0,0,0,0,0,0
stack-args-nested,tms6747,0,0,0,0,0,0,0,0,0
stack-probe,tms6747,0,0,0,0,0,0,0,0,0
static-base-pointer,tms6747,0,0,0,0,0,0,0,0,0
static-cast,tms6747,0,0,0,0,0,0,0,0,0
static-local-constructor,tms6747,0,0,0,0,0,0,0,0,0
static-member-const-folds,tms6747,0,0,0,0,0,0,0,0,0
static-member-function,tms6747,0,0,0,0,0,0,0,0,0
static-member-returns-class,tms6747,0,0,0,0,0,0,0,0,0
static-member-through-template-id,tms6747,0,0,0,0,0,0,0,0,0
static-member,tms6747,0,0,0,0,0,0,0,0,0
std-move-and-forward,tms6747,0,0,0,0,0,0,0,0,0
std-namespace-mangling,tms6747,0,0,0,0,0,0,0,0,0
std-swap-two-ints,tms6747,0,0,0,0,0,0,0,0,0
stdexcept,tms6747,0,0,0,0,0,0,0,0,0
stream-base-manipulators,tms6747,0,0,0,0,0,0,0,0,0
stream-char-types,tms6747,0,0,0,0,0,0,0,0,0
stream-long-long,tms6747,0,0,0,0,0,0,0,0,0
stream-number-stops,tms6747,0,0,0,0,0,0,0,0,0
string-at,tms6747,0,0,0,0,0,0,0,0,0
stringize-whitespace,tms6747,0,0,0,0,0,0,0,0,0
tagnames,tms6747,0,0,0,0,0,0,0,0,0
template-angle-split,tms6747,0,0,0,0,0,0,0,0,0
template-angle,tms6747,0,0,0,0,0,0,0,0,0
template-class,tms6747,0,0,0,0,0,0,0,0,0
template-const-argument,tms6747,0,0,0,0,0,0,0,0,0
template-container,tms6747,0,0,0,0,0,0,0,0,0
template-deduction,tms6747,0,0,0,0,0,0,0,0,0
template-default-argument,tms6747,0,0,0,0,0,0,0,0,0
template-dependent-base,tms6747,0,0,0,0,0,0,0,0,0
template-enumerator,tms6747,0,0,0,0,0,0,0,0,0
template-explicit,tms6747,0,0,0,0,0,0,0,0,0
template-function,tms6747,0,0,0,0,0,0,0,0,0
template-id-qualified-and-deduced,tms6747,0,0,0,0,0,0,0,0,0
template-id-qualifier,tms6747,0,0,0,0,0,0,0,0,0
template-in-namespace,tms6747,0,0,0,0,0,0,0,0,0
template-initializer-list-ctor,tms6747,0,0,0,0,0,0,0,0,0
template-member-not-instantiated,tms6747,0,0,0,0,0,0,0,0,0
template-member,tms6747,0,0,0,0,0,0,0,0,0
template-name-shadowed,tms6747,0,0,0,0,0,0,0,0,0
template-nested-angle,tms6747,0,0,0,0,0,0,0,0,0
template-nested,tms6747,0,0,0,0,0,0,0,0,0
template-nontype-expr,tms6747,0,0,0,0,0,0,0,0,0
template-nontype-numeric,tms6747,0,0,0,0,0,0,0,0,0
template-nontype-overload,tms6747,0,0,0,0,0,0,0,0,0
template-nontype,tms6747,0,0,0,0,0,0,0,0,0
template-out-of-line,tms6747,0,0,0,0,0,0,0,0,0
template-overload,tms6747,0,0,0,0,0,0,0,0,0
template-partial,tms6747,0,0,0,0,0,0,0,0,0
template-sfinae,tms6747,0,0,0,0,0,0,0,0,0
template-static-data-member-ctor,tms6747,0,0,0,0,0,0,0,0,0
template-static-data-member,tms6747,0,0,0,0,0,0,0,0,0
template-static-member-no-init,tms6747,0,0,0,0,0,0,0,0,0
template-two-of-a-name,tms6747,0,0,0,0,0,0,0,0,0
template-variadic-into-args,tms6747,0,0,0,0,0,0,0,0,0
template-variadic-peel,tms6747,0,0,0,0,0,0,0,0,0
template-variadic,tms6747,0,0,0,0,0,0,0,0,0
temporary-in-short-circuit,tms6747,0,0,0,0,0,0,0,0,0
temporary-of-template,tms6747,0,0,0,0,0,0,0,0,0
temporary-unwind,tms6747,0,0,0,0,0,0,0,0,0
throw-class-pointer-ms,tms6747,0,0,0,0,0,0,0,0,0
throw-class,tms6747,0,0,0,0,0,0,0,0,0
throw-multiple-bases,tms6747,0,0,0,0,0,0,0,0,0
throw-out-of-handler,tms6747,0,0,0,0,0,0,0,0,0
throw-pointer,tms6747,0,0,0,0,0,0,0,0,0
throw-temporary,tms6747,0,0,0,0,0,0,0,0,0
thunk,tms6747,0,0,0,0,0,0,0,0,0
try-body-local,tms6747,0,0,0,0,0,0,0,0,0
try-catch-value,tms6747,0,0,0,0,0,0,0,0,0
try-catch,tms6747,0,0,0,0,0,0,0,0,0
try-in-handler,tms6747,0,0,0,0,0,0,0,0,0
try-in-try-body,tms6747,0,0,0,0,0,0,0,0,0
tuple,tms6747,0,0,0,0,0,0,0,0,0
two-try-same-type,tms6747,0,0,0,0,0,0,0,0,0
typeid-ms,tms6747,0,0,0,0,0,0,0,0,0
typeid,tms6747,0,0,0,0,0,0,0,0,0
typename-dependent-member,tms6747,0,0,0,0,0,0,0,0,0
unary-operator,tms6747,0,0,0,0,0,0,0,0,0
unsigned-from-double,tms6747,0,0,0,0,0,0,0,0,0
user-conversion,tms6747,0,0,0,0,0,0,0,0,0
using-declaration,tms6747,0,0,0,0,0,0,0,0,0
value-init-empty-braces,tms6747,0,0,0,0,0,0,0,0,0
value-init-fundamental,tms6747,0,0,0,0,0,0,0,0,0
value-init-implicit-ctor,tms6747,0,0,0,0,0,0,0,0,0
value-init-temporary,tms6747,0,0,0,0,0,0,0,0,0
vector-range-insert,tms6747,0,0,0,0,0,0,0,0,0
vector-value-init,tms6747,0,0,0,0,0,0,0,0,0
virtual-base-construction-vtable,tms6747,0,0,0,0,0,0,0,0,0
virtual-base-diamond,tms6747,0,0,0,0,0,0,0,0,0
virtual-base-dispatch,tms6747,0,0,0,0,0,0,0,0,0
virtual-base-initialiser,tms6747,0,0,0,0,0,0,0,0,0
virtual-base-member,tms6747,0,0,0,0,0,0,0,0,0
virtual-base-of-virtual-base,tms6747,0,0,0,0,0,0,0,0,0
virtual-base-second-base,tms6747,0,0,0,0,0,0,0,0,0
virtual-base-vbtable,tms6747,0,0,0,0,0,0,0,0,0
virtual-dtor-through-virtual-base,tms6747,0,0,0,0,0,0,0,0,0
virtual-dtor,tms6747,0,0,0,0,0,0,0,0,0
virtual-inline,tms6747,0,0,0,0,0,0,0,0,0
virtual,tms6747,0,0,0,0,0,0,0,0,0
volatile-object,tms6747,0,0,0,0,0,0,0,0,0
vtable-implicit-dtor,tms6747,0,0,0,0,0,0,0,0,0
wchar-distinct,tms6747,0,0,0,0,0,0,0,0,0
wchar-targets,tms6747,0,0,0,0,0,0,0,0,0
wstring,tms6747,0,0,0,0,0,0,0,0,0
noexcept-local-terminates,x86_64-linux,not for this target
catch-copy-throws,x86_64-windows,not for this target
dtor-throws-unwinding,x86_64-windows,not for this target
dynamic-cast-void-multiple,x86_64-windows,not for this target
handler-exit-end-catch,x86_64-windows,not for this target
local-in-handler,x86_64-windows,not for this target
member-pointer-base-on-derived,x86_64-windows,not for this target
mi-override-implied,x86_64-windows,not for this target
noexcept-local-terminates,x86_64-windows,not for this target
noexcept-terminates-callee,x86_64-windows,not for this target
rethrow,x86_64-windows,not for this target
second-base-virtual-call,x86_64-windows,not for this target
static-base-pointer,x86_64-windows,not for this target
throw-out-of-handler,x86_64-windows,not for this target
thunk,x86_64-windows,not for this target
try-in-handler,x86_64-windows,not for this target
typeid,x86_64-windows,not for this target
virtual-base-construction-vtable,x86_64-windows,not for this target
virtual-base-dispatch,x86_64-windows,not for this target
virtual-base-of-virtual-base,x86_64-windows,not for this target
virtual-dtor-through-virtual-base,x86_64-windows,not for this target
volatile-object,x86_64-windows,not for this target
noexcept-local-terminates,arm64-darwin,not for this target
base-tail-padding,tms6747,not for this target
new-header,tms6747,not for this target
new-nothrow,tms6747,not for this target
pragma-pack,tms6747,not for this target
static-assert,tms6747,not for this target
vtable,tms6747,not for this target
